employee_id,offering_start,purchase_date,salary,contribution_pct,contribution,offering_start_fmv,purchase_date_fmv,lookback_fmv,purchase_price,shares_purchased,purchase_cost,market_value_at_purchase,discount_value,cash_refunded,irs_limit_capped
E00001,2022-01-01,2022-06-30,311000.0,0.05,7775.0,29.411,15.159,15.159,12.8851,603,7769.72,9140.88,1371.16,5.28,False
E00007,2022-01-01,2022-06-30,132000.0,0.1,6600.0,29.411,15.159,15.159,12.8851,512,6597.17,7761.41,1164.24,2.83,False
E00026,2022-01-01,2022-06-30,168000.0,0.1,8400.0,29.411,15.159,15.159,12.8851,651,8388.2,9868.51,1480.31,11.8,False
E00036,2022-01-01,2022-06-30,149000.0,0.1,7450.0,29.411,15.159,15.159,12.8851,578,7447.59,8761.9,1314.31,2.41,False
E00056,2022-01-01,2022-06-30,162000.0,0.05,4050.0,29.411,15.159,15.159,12.8851,314,4045.92,4759.93,714.01,4.08,False
E00063,2022-01-01,2022-06-30,306000.0,0.05,7650.0,29.411,15.159,15.159,12.8851,593,7640.86,8989.29,1348.43,9.14,False
E00064,2022-01-01,2022-06-30,188000.0,0.15,14100.0,29.411,15.159,15.159,12.8851,850,10952.33,12885.15,1932.82,3147.67,True
E00078,2022-01-01,2022-06-30,132000.0,0.1,6600.0,29.411,15.159,15.159,12.8851,512,6597.17,7761.41,1164.24,2.83,False
E00096,2022-01-01,2022-06-30,80000.0,0.1,4000.0,29.411,15.159,15.159,12.8851,310,3994.38,4699.29,704.91,5.62,False
E00098,2022-01-01,2022-06-30,155000.0,0.05,3875.0,29.411,15.159,15.159,12.8851,300,3865.53,4547.7,682.17,9.47,False
E00111,2022-01-01,2022-06-30,100000.0,0.05,2500.0,29.411,15.159,15.159,12.8851,194,2499.71,2940.85,441.14,0.29,False
E00115,2022-01-01,2022-06-30,131000.0,0.1,6550.0,29.411,15.159,15.159,12.8851,508,6545.63,7700.77,1155.14,4.37,False
E00126,2022-01-01,2022-06-30,183000.0,0.05,4575.0,29.411,15.159,15.159,12.8851,355,4574.21,5381.45,807.24,0.79,False
E00129,2022-01-01,2022-06-30,120000.0,0.15,9000.0,29.411,15.159,15.159,12.8851,698,8993.8,10580.98,1587.18,6.2,False
E00152,2022-01-01,2022-06-30,115000.0,0.1,5750.0,29.411,15.159,15.159,12.8851,446,5746.75,6760.91,1014.16,3.25,False
E00155,2022-01-01,2022-06-30,129000.0,0.05,3225.0,29.411,15.159,15.159,12.8851,250,3221.28,3789.75,568.47,3.72,False
E00161,2022-01-01,2022-06-30,116000.0,0.15,8700.0,29.411,15.159,15.159,12.8851,675,8697.44,10232.33,1534.89,2.56,False
E00197,2022-01-01,2022-06-30,103000.0,0.15,7725.0,29.411,15.159,15.159,12.8851,599,7718.17,9080.24,1362.07,6.83,False
E00210,2022-01-01,2022-06-30,221000.0,0.1,11050.0,29.411,15.159,15.159,12.8851,850,10952.33,12885.15,1932.82,97.67,True
E00229,2022-01-01,2022-06-30,117000.0,0.05,2925.0,29.411,15.159,15.159,12.8851,227,2924.92,3441.09,516.17,0.08,False
E00239,2022-01-01,2022-06-30,154000.0,0.15,11550.0,29.411,15.159,15.159,12.8851,850,10952.33,12885.15,1932.82,597.67,True
E00245,2022-01-01,2022-06-30,226000.0,0.05,5650.0,29.411,15.159,15.159,12.8851,438,5643.67,6639.64,995.97,6.33,False
E00255,2022-01-01,2022-06-30,126000.0,0.05,3150.0,29.411,15.159,15.159,12.8851,244,3143.96,3698.8,554.84,6.04,False
E00267,2022-01-01,2022-06-30,132000.0,0.05,3300.0,29.411,15.159,15.159,12.8851,256,3298.59,3880.7,582.11,1.41,False
E00273,2022-01-01,2022-06-30,227000.0,0.05,5675.0,29.411,15.159,15.159,12.8851,440,5669.44,6669.96,1000.52,5.56,False
E00311,2022-01-01,2022-06-30,150000.0,0.15,11250.0,29.411,15.159,15.159,12.8851,850,10952.33,12885.15,1932.82,297.67,True
E00332,2022-01-01,2022-06-30,189000.0,0.1,9450.0,29.411,15.159,15.159,12.8851,733,9444.78,11111.55,1666.77,5.22,False
E00334,2022-01-01,2022-06-30,204000.0,0.1,10200.0,29.411,15.159,15.159,12.8851,791,10192.11,11990.77,1798.66,7.89,False
E00352,2022-01-01,2022-06-30,194000.0,0.1,9700.0,29.411,15.159,15.159,12.8851,752,9689.6,11399.57,1709.97,10.4,False
E00360,2022-01-01,2022-06-30,93000.0,0.05,2325.0,29.411,15.159,15.159,12.8851,180,2319.32,2728.62,409.3,5.68,False
E00379,2022-01-01,2022-06-30,158000.0,0.15,11850.0,29.411,15.159,15.159,12.8851,850,10952.33,12885.15,1932.82,897.67,True
E00384,2022-01-01,2022-06-30,82000.0,0.15,6150.0,29.411,15.159,15.159,12.8851,477,6146.19,7230.84,1084.65,3.81,False
E00388,2022-01-01,2022-06-30,138000.0,0.15,10350.0,29.411,15.159,15.159,12.8851,803,10346.74,12172.68,1825.94,3.26,False
E00393,2022-01-01,2022-06-30,123000.0,0.1,6150.0,29.411,15.159,15.159,12.8851,477,6146.19,7230.84,1084.65,3.81,False
E00408,2022-01-01,2022-06-30,193000.0,0.1,9650.0,29.411,15.159,15.159,12.8851,748,9638.05,11338.93,1700.88,11.95,False
E00413,2022-01-01,2022-06-30,212000.0,0.05,5300.0,29.411,15.159,15.159,12.8851,411,5295.78,6230.35,934.57,4.22,False
E00474,2022-01-01,2022-06-30,97000.0,0.05,2425.0,29.411,15.159,15.159,12.8851,188,2422.4,2849.89,427.49,2.6,False
E00482,2022-01-01,2022-06-30,154000.0,0.1,7700.0,29.411,15.159,15.159,12.8851,597,7692.4,9049.92,1357.52,7.6,False
E00001,2022-01-01,2022-12-31,311000.0,0.05,7775.0,29.411,14.614,14.614,12.4219,247,3068.21,3609.66,541.45,4706.79,True
E00007,2022-01-01,2022-12-31,132000.0,0.1,6600.0,29.411,14.614,14.614,12.4219,338,4198.6,4939.53,740.93,2401.4,True
E00026,2022-01-01,2022-12-31,168000.0,0.1,8400.0,29.411,14.614,14.614,12.4219,199,2471.96,2908.19,436.23,5928.04,True
E00036,2022-01-01,2022-12-31,149000.0,0.1,7450.0,29.411,14.614,14.614,12.4219,272,3378.76,3975.01,596.25,4071.24,True
E00056,2022-01-01,2022-12-31,162000.0,0.05,4050.0,29.411,14.614,14.614,12.4219,326,4049.54,4764.16,714.62,0.46,False
E00063,2022-01-01,2022-12-31,306000.0,0.05,7650.0,29.411,14.614,14.614,12.4219,257,3192.43,3755.8,563.37,4457.57,True
E00064,2022-01-01,2022-12-31,188000.0,0.15,14100.0,29.411,14.614,14.614,12.4219,0,0.0,0.0,0.0,14100.0,True
E00078,2022-01-01,2022-12-31,132000.0,0.1,6600.0,29.411,14.614,14.614,12.4219,338,4198.6,4939.53,740.93,2401.4,True
E00096,2022-01-01,2022-12-31,80000.0,0.1,4000.0,29.411,14.614,14.614,12.4219,322,3999.85,4705.71,705.86,0.15,False
E00098,2022-01-01,2022-12-31,155000.0,0.05,3875.0,29.411,14.614,14.614,12.4219,311,3863.21,4544.95,681.74,11.79,False
E00111,2022-01-01,2022-12-31,100000.0,0.05,2500.0,29.411,14.614,14.614,12.4219,201,2496.8,2937.41,440.61,3.2,False
E00115,2022-01-01,2022-12-31,131000.0,0.1,6550.0,29.411,14.614,14.614,12.4219,342,4248.29,4997.99,749.7,2301.71,True
E00126,2022-01-01,2022-12-31,183000.0,0.05,4575.0,29.411,14.614,14.614,12.4219,368,4571.26,5377.95,806.69,3.74,False
E00129,2022-01-01,2022-12-31,120000.0,0.15,9000.0,29.411,14.614,14.614,12.4219,152,1888.13,2221.33,333.2,7111.87,True
E00152,2022-01-01,2022-12-31,115000.0,0.1,5750.0,29.411,14.614,14.614,12.4219,404,5018.45,5904.06,885.61,731.55,True
E00155,2022-01-01,2022-12-31,129000.0,0.05,3225.0,29.411,14.614,14.614,12.4219,259,3217.27,3785.03,567.76,7.73,False
E00161,2022-01-01,2022-12-31,116000.0,0.15,8700.0,29.411,14.614,14.614,12.4219,175,2173.83,2557.45,383.62,6526.17,True
E00197,2022-01-01,2022-12-31,103000.0,0.15,7725.0,29.411,14.614,14.614,12.4219,251,3117.9,3668.11,550.21,4607.1,True
E00210,2022-01-01,2022-12-31,221000.0,0.1,11050.0,29.411,14.614,14.614,12.4219,0,0.0,0.0,0.0,11050.0,True
E00229,2022-01-01,2022-12-31,117000.0,0.05,2925.0,29.411,14.614,14.614,12.4219,235,2919.15,3434.29,515.14,5.85,False
E00239,2022-01-01,2022-12-31,154000.0,0.15,11550.0,29.411,14.614,14.614,12.4219,0,0.0,0.0,0.0,11550.0,True
E00245,2022-01-01,2022-12-31,226000.0,0.05,5650.0,29.411,14.614,14.614,12.4219,412,5117.82,6020.97,903.15,532.18,True
E00255,2022-01-01,2022-12-31,126000.0,0.05,3150.0,29.411,14.614,14.614,12.4219,253,3142.74,3697.34,554.6,7.26,False
E00267,2022-01-01,2022-12-31,132000.0,0.05,3300.0,29.411,14.614,14.614,12.4219,265,3291.8,3872.71,580.91,8.2,False
E00273,2022-01-01,2022-12-31,227000.0,0.05,5675.0,29.411,14.614,14.614,12.4219,410,5092.98,5991.74,898.76,582.02,True
E00311,2022-01-01,2022-12-31,150000.0,0.15,11250.0,29.411,14.614,14.614,12.4219,0,0.0,0.0,0.0,11250.0,True
E00332,2022-01-01,2022-12-31,189000.0,0.1,9450.0,29.411,14.614,14.614,12.4219,117,1453.36,1709.84,256.48,7996.64,True
E00334,2022-01-01,2022-12-31,204000.0,0.1,10200.0,29.411,14.614,14.614,12.4219,59,732.89,862.23,129.34,9467.11,True
E00352,2022-01-01,2022-12-31,194000.0,0.1,9700.0,29.411,14.614,14.614,12.4219,98,1217.35,1432.17,214.82,8482.65,True
E00360,2022-01-01,2022-12-31,93000.0,0.05,2325.0,29.411,14.614,14.614,12.4219,187,2322.9,2732.82,409.92,2.1,False
E00379,2022-01-01,2022-12-31,158000.0,0.15,11850.0,29.411,14.614,14.614,12.4219,0,0.0,0.0,0.0,11850.0,True
E00384,2022-01-01,2022-12-31,82000.0,0.15,6150.0,29.411,14.614,14.614,12.4219,373,4633.37,5451.02,817.65,1516.63,True
E00388,2022-01-01,2022-12-31,138000.0,0.15,10350.0,29.411,14.614,14.614,12.4219,47,583.83,686.86,103.03,9766.17,True
E00393,2022-01-01,2022-12-31,123000.0,0.1,6150.0,29.411,14.614,14.614,12.4219,373,4633.37,5451.02,817.65,1516.63,True
E00408,2022-01-01,2022-12-31,193000.0,0.1,9650.0,29.411,14.614,14.614,12.4219,102,1267.03,1490.63,223.6,8382.97,True
E00413,2022-01-01,2022-12-31,212000.0,0.05,5300.0,29.411,14.614,14.614,12.4219,426,5291.73,6225.56,933.83,8.27,False
E00474,2022-01-01,2022-12-31,97000.0,0.05,2425.0,29.411,14.614,14.614,12.4219,195,2422.27,2849.73,427.46,2.73,False
E00482,2022-01-01,2022-12-31,154000.0,0.1,7700.0,29.411,14.614,14.614,12.4219,253,3142.74,3697.34,554.6,4557.26,True
E00001,2022-01-01,2023-06-30,311000.0,0.05,7775.0,29.411,42.302,29.411,24.9993,311,7774.78,13155.92,5381.14,0.22,False
E00007,2022-01-01,2023-06-30,132000.0,0.1,6600.0,29.411,42.302,29.411,24.9993,264,6599.82,11167.73,4567.91,0.18,False
E00026,2022-01-01,2023-06-30,168000.0,0.1,8400.0,29.411,42.302,29.411,24.9993,336,8399.76,14213.47,5813.71,0.24,False
E00036,2022-01-01,2023-06-30,149000.0,0.1,7450.0,29.411,42.302,29.411,24.9993,298,7449.79,12606.0,5156.21,0.21,False
E00056,2022-01-01,2023-06-30,162000.0,0.05,4050.0,29.411,42.302,29.411,24.9993,162,4049.89,6852.92,2803.03,0.11,False
E00063,2022-01-01,2023-06-30,306000.0,0.05,7650.0,29.411,42.302,29.411,24.9993,306,7649.79,12944.41,5294.62,0.21,False
E00064,2022-01-01,2023-06-30,188000.0,0.15,14100.0,29.411,42.302,29.411,24.9993,564,14099.61,23858.33,9758.72,0.39,False
E00078,2022-01-01,2023-06-30,132000.0,0.1,6600.0,29.411,42.302,29.411,24.9993,264,6599.82,11167.73,4567.91,0.18,False
E00096,2022-01-01,2023-06-30,80000.0,0.1,4000.0,29.411,42.302,29.411,24.9993,160,3999.89,6768.32,2768.43,0.11,False
E00098,2022-01-01,2023-06-30,155000.0,0.05,3875.0,29.411,42.302,29.411,24.9993,155,3874.89,6556.81,2681.92,0.11,False
E00111,2022-01-01,2023-06-30,100000.0,0.05,2500.0,29.411,42.302,29.411,24.9993,100,2499.93,4230.2,1730.27,0.07,False
E00115,2022-01-01,2023-06-30,131000.0,0.1,6550.0,29.411,42.302,29.411,24.9993,262,6549.82,11083.12,4533.3,0.18,False
E00126,2022-01-01,2023-06-30,183000.0,0.05,4575.0,29.411,42.302,29.411,24.9993,183,4574.87,7741.27,3166.4,0.13,False
E00129,2022-01-01,2023-06-30,120000.0,0.15,9000.0,29.411,42.302,29.411,24.9993,360,8999.75,15228.72,6228.97,0.25,False
E00152,2022-01-01,2023-06-30,115000.0,0.1,5750.0,29.411,42.302,29.411,24.9993,230,5749.84,9729.46,3979.62,0.16,False
E00155,2022-01-01,2023-06-30,129000.0,0.05,3225.0,29.411,42.302,29.411,24.9993,129,3224.91,5456.96,2232.05,0.09,False
E00161,2022-01-01,2023-06-30,116000.0,0.15,8700.0,29.411,42.302,29.411,24.9993,348,8699.76,14721.1,6021.34,0.24,False
E00197,2022-01-01,2023-06-30,103000.0,0.15,7725.0,29.411,42.302,29.411,24.9993,309,7724.78,13071.32,5346.54,0.22,False
E00210,2022-01-01,2023-06-30,221000.0,0.1,11050.0,29.411,42.302,29.411,24.9993,442,11049.69,18697.48,7647.79,0.31,False
E00229,2022-01-01,2023-06-30,117000.0,0.05,2925.0,29.411,42.302,29.411,24.9993,117,2924.92,4949.33,2024.41,0.08,False
E00239,2022-01-01,2023-06-30,154000.0,0.15,11550.0,29.411,42.302,29.411,24.9993,462,11549.68,19543.52,7993.84,0.32,False
E00245,2022-01-01,2023-06-30,226000.0,0.05,5650.0,29.411,42.302,29.411,24.9993,226,5649.84,9560.25,3910.41,0.16,False
E00255,2022-01-01,2023-06-30,126000.0,0.05,3150.0,29.411,42.302,29.411,24.9993,126,3149.91,5330.05,2180.14,0.09,False
E00267,2022-01-01,2023-06-30,132000.0,0.05,3300.0,29.411,42.302,29.411,24.9993,132,3299.91,5583.86,2283.95,0.09,False
E00273,2022-01-01,2023-06-30,227000.0,0.05,5675.0,29.411,42.302,29.411,24.9993,227,5674.84,9602.55,3927.71,0.16,False
E00311,2022-01-01,2023-06-30,150000.0,0.15,11250.0,29.411,42.302,29.411,24.9993,450,11249.69,19035.9,7786.21,0.31,False
E00332,2022-01-01,2023-06-30,189000.0,0.1,9450.0,29.411,42.302,29.411,24.9993,378,9449.74,15990.16,6540.42,0.26,False
E00334,2022-01-01,2023-06-30,204000.0,0.1,10200.0,29.411,42.302,29.411,24.9993,408,10199.71,17259.22,7059.51,0.29,False
E00352,2022-01-01,2023-06-30,194000.0,0.1,9700.0,29.411,42.302,29.411,24.9993,388,9699.73,16413.18,6713.45,0.27,False
E00360,2022-01-01,2023-06-30,93000.0,0.05,2325.0,29.411,42.302,29.411,24.9993,93,2324.93,3934.09,1609.16,0.07,False
E00379,2022-01-01,2023-06-30,158000.0,0.15,11850.0,29.411,42.302,29.411,24.9993,474,11849.67,20051.15,8201.48,0.33,False
E00384,2022-01-01,2023-06-30,82000.0,0.15,6150.0,29.411,42.302,29.411,24.9993,246,6149.83,10406.29,4256.46,0.17,False
E00388,2022-01-01,2023-06-30,138000.0,0.15,10350.0,29.411,42.302,29.411,24.9993,414,10349.71,17513.03,7163.32,0.29,False
E00393,2022-01-01,2023-06-30,123000.0,0.1,6150.0,29.411,42.302,29.411,24.9993,246,6149.83,10406.29,4256.46,0.17,False
E00408,2022-01-01,2023-06-30,193000.0,0.1,9650.0,29.411,42.302,29.411,24.9993,386,9649.73,16328.57,6678.84,0.27,False
E00413,2022-01-01,2023-06-30,212000.0,0.05,5300.0,29.411,42.302,29.411,24.9993,212,5299.85,8968.02,3668.17,0.15,False
E00474,2022-01-01,2023-06-30,97000.0,0.05,2425.0,29.411,42.302,29.411,24.9993,97,2424.93,4103.29,1678.36,0.07,False
E00482,2022-01-01,2023-06-30,154000.0,0.1,7700.0,29.411,42.302,29.411,24.9993,308,7699.78,13029.02,5329.24,0.22,False
E00001,2022-01-01,2023-12-31,311000.0,0.05,7775.0,29.411,49.522,29.411,24.9993,311,7774.78,15401.34,7626.56,0.22,False
E00007,2022-01-01,2023-12-31,132000.0,0.1,6600.0,29.411,49.522,29.411,24.9993,264,6599.82,13073.81,6473.99,0.18,False
E00026,2022-01-01,2023-12-31,168000.0,0.1,8400.0,29.411,49.522,29.411,24.9993,336,8399.76,16639.39,8239.63,0.24,False
E00036,2022-01-01,2023-12-31,149000.0,0.1,7450.0,29.411,49.522,29.411,24.9993,298,7449.79,14757.56,7307.77,0.21,False
E00056,2022-01-01,2023-12-31,162000.0,0.05,4050.0,29.411,49.522,29.411,24.9993,162,4049.89,8022.56,3972.67,0.11,False
E00063,2022-01-01,2023-12-31,306000.0,0.05,7650.0,29.411,49.522,29.411,24.9993,306,7649.79,15153.73,7503.94,0.21,False
E00064,2022-01-01,2023-12-31,188000.0,0.15,14100.0,29.411,49.522,29.411,24.9993,286,7149.8,14163.29,7013.49,6950.2,True
E00078,2022-01-01,2023-12-31,132000.0,0.1,6600.0,29.411,49.522,29.411,24.9993,264,6599.82,13073.81,6473.99,0.18,False
E00096,2022-01-01,2023-12-31,80000.0,0.1,4000.0,29.411,49.522,29.411,24.9993,160,3999.89,7923.52,3923.63,0.11,False
E00098,2022-01-01,2023-12-31,155000.0,0.05,3875.0,29.411,49.522,29.411,24.9993,155,3874.89,7675.91,3801.02,0.11,False
E00111,2022-01-01,2023-12-31,100000.0,0.05,2500.0,29.411,49.522,29.411,24.9993,100,2499.93,4952.2,2452.27,0.07,False
E00115,2022-01-01,2023-12-31,131000.0,0.1,6550.0,29.411,49.522,29.411,24.9993,262,6549.82,12974.76,6424.94,0.18,False
E00126,2022-01-01,2023-12-31,183000.0,0.05,4575.0,29.411,49.522,29.411,24.9993,183,4574.87,9062.53,4487.66,0.13,False
E00129,2022-01-01,2023-12-31,120000.0,0.15,9000.0,29.411,49.522,29.411,24.9993,360,8999.75,17827.92,8828.17,0.25,False
E00152,2022-01-01,2023-12-31,115000.0,0.1,5750.0,29.411,49.522,29.411,24.9993,230,5749.84,11390.06,5640.22,0.16,False
E00155,2022-01-01,2023-12-31,129000.0,0.05,3225.0,29.411,49.522,29.411,24.9993,129,3224.91,6388.34,3163.43,0.09,False
E00161,2022-01-01,2023-12-31,116000.0,0.15,8700.0,29.411,49.522,29.411,24.9993,348,8699.76,17233.66,8533.9,0.24,False
E00197,2022-01-01,2023-12-31,103000.0,0.15,7725.0,29.411,49.522,29.411,24.9993,309,7724.78,15302.3,7577.52,0.22,False
E00210,2022-01-01,2023-12-31,221000.0,0.1,11050.0,29.411,49.522,29.411,24.9993,408,10199.71,20204.98,10005.27,850.29,True
E00229,2022-01-01,2023-12-31,117000.0,0.05,2925.0,29.411,49.522,29.411,24.9993,117,2924.92,5794.07,2869.15,0.08,False
E00239,2022-01-01,2023-12-31,154000.0,0.15,11550.0,29.411,49.522,29.411,24.9993,388,9699.73,19214.54,9514.81,1850.27,True
E00245,2022-01-01,2023-12-31,226000.0,0.05,5650.0,29.411,49.522,29.411,24.9993,226,5649.84,11191.97,5542.13,0.16,False
E00255,2022-01-01,2023-12-31,126000.0,0.05,3150.0,29.411,49.522,29.411,24.9993,126,3149.91,6239.77,3089.86,0.09,False
E00267,2022-01-01,2023-12-31,132000.0,0.05,3300.0,29.411,49.522,29.411,24.9993,132,3299.91,6536.9,3236.99,0.09,False
E00273,2022-01-01,2023-12-31,227000.0,0.05,5675.0,29.411,49.522,29.411,24.9993,227,5674.84,11241.49,5566.65,0.16,False
E00311,2022-01-01,2023-12-31,150000.0,0.15,11250.0,29.411,49.522,29.411,24.9993,400,9999.72,19808.8,9809.08,1250.28,True
E00332,2022-01-01,2023-12-31,189000.0,0.1,9450.0,29.411,49.522,29.411,24.9993,378,9449.74,18719.32,9269.58,0.26,False
E00334,2022-01-01,2023-12-31,204000.0,0.1,10200.0,29.411,49.522,29.411,24.9993,408,10199.71,20204.98,10005.27,0.29,False
E00352,2022-01-01,2023-12-31,194000.0,0.1,9700.0,29.411,49.522,29.411,24.9993,388,9699.73,19214.54,9514.81,0.27,False
E00360,2022-01-01,2023-12-31,93000.0,0.05,2325.0,29.411,49.522,29.411,24.9993,93,2324.93,4605.55,2280.62,0.07,False
E00379,2022-01-01,2023-12-31,158000.0,0.15,11850.0,29.411,49.522,29.411,24.9993,376,9399.74,18620.27,9220.53,2450.26,True
E00384,2022-01-01,2023-12-31,82000.0,0.15,6150.0,29.411,49.522,29.411,24.9993,246,6149.83,12182.41,6032.58,0.17,False
E00388,2022-01-01,2023-12-31,138000.0,0.15,10350.0,29.411,49.522,29.411,24.9993,414,10349.71,20502.11,10152.4,0.29,False
E00393,2022-01-01,2023-12-31,123000.0,0.1,6150.0,29.411,49.522,29.411,24.9993,246,6149.83,12182.41,6032.58,0.17,False
E00408,2022-01-01,2023-12-31,193000.0,0.1,9650.0,29.411,49.522,29.411,24.9993,386,9649.73,19115.49,9465.76,0.27,False
E00413,2022-01-01,2023-12-31,212000.0,0.05,5300.0,29.411,49.522,29.411,24.9993,212,5299.85,10498.66,5198.81,0.15,False
E00474,2022-01-01,2023-12-31,97000.0,0.05,2425.0,29.411,49.522,29.411,24.9993,97,2424.93,4803.63,2378.7,0.07,False
E00482,2022-01-01,2023-12-31,154000.0,0.1,7700.0,29.411,49.522,29.411,24.9993,308,7699.78,15252.78,7553.0,0.22,False
E00004,2024-01-01,2024-06-30,196000.0,0.1,9800.0,49.522,123.54,49.522,42.0937,232,9765.74,28661.28,18895.54,34.26,False
E00012,2024-01-01,2024-06-30,104000.0,0.15,7800.0,49.522,123.54,49.522,42.0937,185,7787.33,22854.9,15067.57,12.67,False
E00013,2024-01-01,2024-06-30,176000.0,0.15,13200.0,49.522,123.54,49.522,42.0937,313,13175.33,38668.02,25492.69,24.67,False
E00015,2024-01-01,2024-06-30,138000.0,0.1,6900.0,49.522,123.54,49.522,42.0937,163,6861.27,20137.02,13275.75,38.73,False
E00017,2024-01-01,2024-06-30,183000.0,0.05,4575.0,49.522,123.54,49.522,42.0937,108,4546.12,13342.32,8796.2,28.88,False
E00023,2024-01-01,2024-06-30,151000.0,0.05,3775.0,49.522,123.54,49.522,42.0937,89,3746.34,10995.06,7248.72,28.66,False
E00025,2024-01-01,2024-06-30,166000.0,0.1,8300.0,49.522,123.54,49.522,42.0937,197,8292.46,24337.38,16044.92,7.54,False
E00030,2024-01-01,2024-06-30,137000.0,0.1,6850.0,49.522,123.54,49.522,42.0937,162,6819.18,20013.48,13194.3,30.82,False
E00031,2024-01-01,2024-06-30,168000.0,0.1,8400.0,49.522,123.54,49.522,42.0937,199,8376.65,24584.46,16207.81,23.35,False
E00039,2024-01-01,2024-06-30,86000.0,0.15,6450.0,49.522,123.54,49.522,42.0937,153,6440.34,18901.62,12461.28,9.66,False
E00041,2024-01-01,2024-06-30,191000.0,0.05,4775.0,49.522,123.54,49.522,42.0937,113,4756.59,13960.02,9203.43,18.41,False
E00042,2024-01-01,2024-06-30,245000.0,0.05,6125.0,49.522,123.54,49.522,42.0937,145,6103.59,17913.3,11809.71,21.41,False
E00045,2024-01-01,2024-06-30,132000.0,0.05,3300.0,49.522,123.54,49.522,42.0937,78,3283.31,9636.12,6352.81,16.69,False
E00052,2024-01-01,2024-06-30,324000.0,0.1,16200.0,49.522,123.54,49.522,42.0937,384,16163.98,47439.36,31275.38,36.02,False
E00053,2024-01-01,2024-06-30,147000.0,0.1,7350.0,49.522,123.54,49.522,42.0937,174,7324.3,21495.96,14171.66,25.7,False
E00062,2024-01-01,2024-06-30,168000.0,0.05,4200.0,49.522,123.54,49.522,42.0937,99,4167.28,12230.46,8063.18,32.72,False
E00064,2024-01-01,2024-06-30,188000.0,0.05,4700.0,49.522,123.54,49.522,42.0937,111,4672.4,13712.94,9040.54,27.6,False
E00067,2024-01-01,2024-06-30,168000.0,0.1,8400.0,49.522,123.54,49.522,42.0937,199,8376.65,24584.46,16207.81,23.35,False
E00073,2024-01-01,2024-06-30,85000.0,0.05,2125.0,49.522,123.54,49.522,42.0937,50,2104.68,6177.0,4072.32,20.32,False
E00075,2024-01-01,2024-06-30,305000.0,0.05,7625.0,49.522,123.54,49.522,42.0937,181,7618.96,22360.74,14741.78,6.04,False
E00078,2024-01-01,2024-06-30,132000.0,0.1,6600.0,49.522,123.54,49.522,42.0937,156,6566.62,19272.24,12705.62,33.38,False
E00083,2024-01-01,2024-06-30,91000.0,0.1,4550.0,49.522,123.54,49.522,42.0937,108,4546.12,13342.32,8796.2,3.88,False
E00093,2024-01-01,2024-06-30,219000.0,0.1,10950.0,49.522,123.54,49.522,42.0937,260,10944.36,32120.4,21176.04,5.64,False
E00094,2024-01-01,2024-06-30,173000.0,0.1,8650.0,49.522,123.54,49.522,42.0937,205,8629.21,25325.7,16696.49,20.79,False
E00097,2024-01-01,2024-06-30,111000.0,0.1,5550.0,49.522,123.54,49.522,42.0937,131,5514.27,16183.74,10669.47,35.73,False
E00098,2024-01-01,2024-06-30,155000.0,0.15,11625.0,49.522,123.54,49.522,42.0937,276,11617.86,34097.04,22479.18,7.14,False
E00099,2024-01-01,2024-06-30,100000.0,0.05,2500.0,49.522,123.54,49.522,42.0937,59,2483.53,7288.86,4805.33,16.47,False
E00102,2024-01-01,2024-06-30,152000.0,0.05,3800.0,49.522,123.54,49.522,42.0937,90,3788.43,11118.6,7330.17,11.57,False
E00106,2024-01-01,2024-06-30,127000.0,0.1,6350.0,49.522,123.54,49.522,42.0937,150,6314.05,18531.0,12216.95,35.95,False
E00111,2024-01-01,2024-06-30,100000.0,0.05,2500.0,49.522,123.54,49.522,42.0937,59,2483.53,7288.86,4805.33,16.47,False
E00112,2024-01-01,2024-06-30,134000.0,0.1,6700.0,49.522,123.54,49.522,42.0937,159,6692.9,19642.86,12949.96,7.1,False
E00115,2024-01-01,2024-06-30,131000.0,0.1,6550.0,49.522,123.54,49.522,42.0937,155,6524.52,19148.7,12624.18,25.48,False
E00116,2024-01-01,2024-06-30,282000.0,0.05,7050.0,49.522,123.54,49.522,42.0937,167,7029.65,20631.18,13601.53,20.35,False
E00118,2024-01-01,2024-06-30,95000.0,0.1,4750.0,49.522,123.54,49.522,42.0937,112,4714.49,13836.48,9121.99,35.51,False
E00120,2024-01-01,2024-06-30,170000.0,0.05,4250.0,49.522,123.54,49.522,42.0937,100,4209.37,12354.0,8144.63,40.63,False
E00122,2024-01-01,2024-06-30,133000.0,0.1,6650.0,49.522,123.54,49.522,42.0937,157,6608.71,19395.78,12787.07,41.29,False
E00126,2024-01-01,2024-06-30,183000.0,0.05,4575.0,49.522,123.54,49.522,42.0937,108,4546.12,13342.32,8796.2,28.88,False
E00129,2024-01-01,2024-06-30,120000.0,0.15,9000.0,49.522,123.54,49.522,42.0937,213,8965.96,26314.02,17348.06,34.04,False
E00131,2024-01-01,2024-06-30,91000.0,0.05,2275.0,49.522,123.54,49.522,42.0937,54,2273.06,6671.16,4398.1,1.94,False
E00138,2024-01-01,2024-06-30,194000.0,0.1,9700.0,49.522,123.54,49.522,42.0937,230,9681.55,28414.2,18732.65,18.45,False
E00141,2024-01-01,2024-06-30,242000.0,0.05,6050.0,49.522,123.54,49.522,42.0937,143,6019.4,17666.22,11646.82,30.6,False
E00144,2024-01-01,2024-06-30,134000.0,0.1,6700.0,49.522,123.54,49.522,42.0937,159,6692.9,19642.86,12949.96,7.1,False
E00148,2024-01-01,2024-06-30,93000.0,0.05,2325.0,49.522,123.54,49.522,42.0937,55,2315.15,6794.7,4479.55,9.85,False
E00149,2024-01-01,2024-06-30,341000.0,0.15,25575.0,49.522,123.54,49.522,42.0937,504,21215.22,62264.16,41048.94,4359.78,True
E00151,2024-01-01,2024-06-30,128000.0,0.05,3200.0,49.522,123.54,49.522,42.0937,76,3199.12,9389.04,6189.92,0.88,False
E00152,2024-01-01,2024-06-30,115000.0,0.05,2875.0,49.522,123.54,49.522,42.0937,68,2862.37,8400.72,5538.35,12.63,False
E00155,2024-01-01,2024-06-30,129000.0,0.1,6450.0,49.522,123.54,49.522,42.0937,153,6440.34,18901.62,12461.28,9.66,False
E00158,2024-01-01,2024-06-30,146000.0,0.15,10950.0,49.522,123.54,49.522,42.0937,260,10944.36,32120.4,21176.04,5.64,False
E00161,2024-01-01,2024-06-30,116000.0,0.15,8700.0,49.522,123.54,49.522,42.0937,206,8671.3,25449.24,16777.94,28.7,False
E00165,2024-01-01,2024-06-30,194000.0,0.15,14550.0,49.522,123.54,49.522,42.0937,345,14522.33,42621.3,28098.97,27.67,False
E00168,2024-01-01,2024-06-30,183000.0,0.1,9150.0,49.522,123.54,49.522,42.0937,217,9134.33,26808.18,17673.85,15.67,False
E00170,2024-01-01,2024-06-30,95000.0,0.15,7125.0,49.522,123.54,49.522,42.0937,169,7113.84,20878.26,13764.42,11.16,False
E00171,2024-01-01,2024-06-30,162000.0,0.15,12150.0,49.522,123.54,49.522,42.0937,288,12122.99,35579.52,23456.53,27.01,False
E00175,2024-01-01,2024-06-30,112000.0,0.1,5600.0,49.522,123.54,49.522,42.0937,133,5598.46,16430.82,10832.36,1.54,False
E00177,2024-01-01,2024-06-30,363000.0,0.05,9075.0,49.522,123.54,49.522,42.0937,215,9050.15,26561.1,17510.95,24.85,False
E00179,2024-01-01,2024-06-30,128000.0,0.05,3200.0,49.522,123.54,49.522,42.0937,76,3199.12,9389.04,6189.92,0.88,False
E00180,2024-01-01,2024-06-30,238000.0,0.05,5950.0,49.522,123.54,49.522,42.0937,141,5935.21,17419.14,11483.93,14.79,False
E00185,2024-01-01,2024-06-30,100000.0,0.15,7500.0,49.522,123.54,49.522,42.0937,178,7492.68,21990.12,14497.44,7.32,False
E00188,2024-01-01,2024-06-30,82000.0,0.05,2050.0,49.522,123.54,49.522,42.0937,48,2020.5,5929.92,3909.42,29.5,False
E00191,2024-01-01,2024-06-30,117000.0,0.1,5850.0,49.522,123.54,49.522,42.0937,138,5808.93,17048.52,11239.59,41.07,False
E00197,2024-01-01,2024-06-30,103000.0,0.05,2575.0,49.522,123.54,49.522,42.0937,61,2567.72,7535.94,4968.22,7.28,False
E00203,2024-01-01,2024-06-30,131000.0,0.15,9825.0,49.522,123.54,49.522,42.0937,233,9807.83,28784.82,18976.99,17.17,False
E00205,2024-01-01,2024-06-30,74000.0,0.1,3700.0,49.522,123.54,49.522,42.0937,87,3662.15,10747.98,7085.83,37.85,False
E00206,2024-01-01,2024-06-30,94000.0,0.05,2350.0,49.522,123.54,49.522,42.0937,55,2315.15,6794.7,4479.55,34.85,False
E00210,2024-01-01,2024-06-30,221000.0,0.1,11050.0,49.522,123.54,49.522,42.0937,262,11028.55,32367.48,21338.93,21.45,False
E00213,2024-01-01,2024-06-30,176000.0,0.1,8800.0,49.522,123.54,49.522,42.0937,209,8797.58,25819.86,17022.28,2.42,False
E00214,2024-01-01,2024-06-30,90000.0,0.15,6750.0,49.522,123.54,49.522,42.0937,160,6734.99,19766.4,13031.41,15.01,False
E00217,2024-01-01,2024-06-30,187000.0,0.1,9350.0,49.522,123.54,49.522,42.0937,222,9344.8,27425.88,18081.08,5.2,False
E00219,2024-01-01,2024-06-30,128000.0,0.1,6400.0,49.522,123.54,49.522,42.0937,152,6398.24,18778.08,12379.84,1.76,False
E00231,2024-01-01,2024-06-30,252000.0,0.1,12600.0,49.522,123.54,49.522,42.0937,299,12586.02,36938.46,24352.44,13.98,False
E00233,2024-01-01,2024-06-30,135000.0,0.15,10125.0,49.522,123.54,49.522,42.0937,240,10102.49,29649.6,19547.11,22.51,False
E00234,2024-01-01,2024-06-30,347000.0,0.1,17350.0,49.522,123.54,49.522,42.0937,412,17342.6,50898.48,33555.88,7.4,False
E00236,2024-01-01,2024-06-30,120000.0,0.15,9000.0,49.522,123.54,49.522,42.0937,213,8965.96,26314.02,17348.06,34.04,False
E00239,2024-01-01,2024-06-30,154000.0,0.1,7700.0,49.522,123.54,49.522,42.0937,182,7661.05,22484.28,14823.23,38.95,False
E00240,2024-01-01,2024-06-30,122000.0,0.15,9150.0,49.522,123.54,49.522,42.0937,217,9134.33,26808.18,17673.85,15.67,False
E00243,2024-01-01,2024-06-30,77000.0,0.05,1925.0,49.522,123.54,49.522,42.0937,45,1894.22,5559.3,3665.08,30.78,False
E00248,2024-01-01,2024-06-30,162000.0,0.1,8100.0,49.522,123.54,49.522,42.0937,192,8081.99,23719.68,15637.69,18.01,False
E00254,2024-01-01,2024-06-30,115000.0,0.1,5750.0,49.522,123.54,49.522,42.0937,136,5724.74,16801.44,11076.7,25.26,False
E00264,2024-01-01,2024-06-30,164000.0,0.15,12300.0,49.522,123.54,49.522,42.0937,292,12291.36,36073.68,23782.32,8.64,False
E00268,2024-01-01,2024-06-30,136000.0,0.05,3400.0,49.522,123.54,49.522,42.0937,80,3367.5,9883.2,6515.7,32.5,False
E00271,2024-01-01,2024-06-30,87000.0,0.15,6525.0,49.522,123.54,49.522,42.0937,155,6524.52,19148.7,12624.18,0.48,False
E00272,2024-01-01,2024-06-30,99000.0,0.1,4950.0,49.522,123.54,49.522,42.0937,117,4924.96,14454.18,9529.22,25.04,False
E00274,2024-01-01,2024-06-30,225000.0,0.05,5625.0,49.522,123.54,49.522,42.0937,133,5598.46,16430.82,10832.36,26.54,False
E00278,2024-01-01,2024-06-30,114000.0,0.1,5700.0,49.522,123.54,49.522,42.0937,135,5682.65,16677.9,10995.25,17.35,False
E00281,2024-01-01,2024-06-30,138000.0,0.05,3450.0,49.522,123.54,49.522,42.0937,81,3409.59,10006.74,6597.15,40.41,False
E00284,2024-01-01,2024-06-30,185000.0,0.1,9250.0,49.522,123.54,49.522,42.0937,219,9218.52,27055.26,17836.74,31.48,False
E00285,2024-01-01,2024-06-30,153000.0,0.05,3825.0,49.522,123.54,49.522,42.0937,90,3788.43,11118.6,7330.17,36.57,False
E00287,2024-01-01,2024-06-30,134000.0,0.15,10050.0,49.522,123.54,49.522,42.0937,238,10018.3,29402.52,19384.22,31.7,False
E00288,2024-01-01,2024-06-30,302000.0,0.05,7550.0,49.522,123.54,49.522,42.0937,179,7534.77,22113.66,14578.89,15.23,False
E00296,2024-01-01,2024-06-30,97000.0,0.05,2425.0,49.522,123.54,49.522,42.0937,57,2399.34,7041.78,4642.44,25.66,False
E00298,2024-01-01,2024-06-30,124000.0,0.1,6200.0,49.522,123.54,49.522,42.0937,147,6187.77,18160.38,11972.61,12.23,False
E00299,2024-01-01,2024-06-30,142000.0,0.05,3550.0,49.522,123.54,49.522,42.0937,84,3535.87,10377.36,6841.49,14.13,False
E00301,2024-01-01,2024-06-30,117000.0,0.1,5850.0,49.522,123.54,49.522,42.0937,138,5808.93,17048.52,11239.59,41.07,False
E00308,2024-01-01,2024-06-30,205000.0,0.05,5125.0,49.522,123.54,49.522,42.0937,121,5093.34,14948.34,9855.0,31.66,False
E00309,2024-01-01,2024-06-30,139000.0,0.05,3475.0,49.522,123.54,49.522,42.0937,82,3451.68,10130.28,6678.6,23.32,False
E00320,2024-01-01,2024-06-30,260000.0,0.05,6500.0,49.522,123.54,49.522,42.0937,154,6482.43,19025.16,12542.73,17.57,False
E00323,2024-01-01,2024-06-30,150000.0,0.1,7500.0,49.522,123.54,49.522,42.0937,178,7492.68,21990.12,14497.44,7.32,False
E00326,2024-01-01,2024-06-30,191000.0,0.15,14325.0,49.522,123.54,49.522,42.0937,340,14311.86,42003.6,27691.74,13.14,False
E00329,2024-01-01,2024-06-30,152000.0,0.05,3800.0,49.522,123.54,49.522,42.0937,90,3788.43,11118.6,7330.17,11.57,False
E00331,2024-01-01,2024-06-30,114000.0,0.05,2850.0,49.522,123.54,49.522,42.0937,67,2820.28,8277.18,5456.9,29.72,False
E00335,2024-01-01,2024-06-30,176000.0,0.1,8800.0,49.522,123.54,49.522,42.0937,209,8797.58,25819.86,17022.28,2.42,False
E00336,2024-01-01,2024-06-30,199000.0,0.15,14925.0,49.522,123.54,49.522,42.0937,354,14901.17,43733.16,28831.99,23.83,False
E00338,2024-01-01,2024-06-30,311000.0,0.15,23325.0,49.522,123.54,49.522,42.0937,504,21215.22,62264.16,41048.94,2109.78,True
E00339,2024-01-01,2024-06-30,149000.0,0.15,11175.0,49.522,123.54,49.522,42.0937,265,11154.83,32738.1,21583.27,20.17,False
E00347,2024-01-01,2024-06-30,121000.0,0.05,3025.0,49.522,123.54,49.522,42.0937,71,2988.65,8771.34,5782.69,36.35,False
E00352,2024-01-01,2024-06-30,194000.0,0.1,9700.0,49.522,123.54,49.522,42.0937,230,9681.55,28414.2,18732.65,18.45,False
E00353,2024-01-01,2024-06-30,89000.0,0.05,2225.0,49.522,123.54,49.522,42.0937,52,2188.87,6424.08,4235.21,36.13,False
E00361,2024-01-01,2024-06-30,172000.0,0.15,12900.0,49.522,123.54,49.522,42.0937,306,12880.67,37803.24,24922.57,19.33,False
E00365,2024-01-01,2024-06-30,94000.0,0.1,4700.0,49.522,123.54,49.522,42.0937,111,4672.4,13712.94,9040.54,27.6,False
E00367,2024-01-01,2024-06-30,119000.0,0.1,5950.0,49.522,123.54,49.522,42.0937,141,5935.21,17419.14,11483.93,14.79,False
E00368,2024-01-01,2024-06-30,159000.0,0.05,3975.0,49.522,123.54,49.522,42.0937,94,3956.81,11612.76,7655.95,18.19,False
E00369,2024-01-01,2024-06-30,236000.0,0.15,17700.0,49.522,123.54,49.522,42.0937,420,17679.35,51886.8,34207.45,20.65,False
E00370,2024-01-01,2024-06-30,144000.0,0.15,10800.0,49.522,123.54,49.522,42.0937,256,10775.99,31626.24,20850.25,24.01,False
E00374,2024-01-01,2024-06-30,194000.0,0.1,9700.0,49.522,123.54,49.522,42.0937,230,9681.55,28414.2,18732.65,18.45,False
E00377,2024-01-01,2024-06-30,171000.0,0.05,4275.0,49.522,123.54,49.522,42.0937,101,4251.46,12477.54,8226.08,23.54,False
E00379,2024-01-01,2024-06-30,158000.0,0.05,3950.0,49.522,123.54,49.522,42.0937,93,3914.71,11489.22,7574.51,35.29,False
E00384,2024-01-01,2024-06-30,82000.0,0.1,4100.0,49.522,123.54,49.522,42.0937,97,4083.09,11983.38,7900.29,16.91,False
E00387,2024-01-01,2024-06-30,137000.0,0.1,6850.0,49.522,123.54,49.522,42.0937,162,6819.18,20013.48,13194.3,30.82,False
E00388,2024-01-01,2024-06-30,138000.0,0.05,3450.0,49.522,123.54,49.522,42.0937,81,3409.59,10006.74,6597.15,40.41,False
E00401,2024-01-01,2024-06-30,225000.0,0.05,5625.0,49.522,123.54,49.522,42.0937,133,5598.46,16430.82,10832.36,26.54,False
E00404,2024-01-01,2024-06-30,219000.0,0.05,5475.0,49.522,123.54,49.522,42.0937,130,5472.18,16060.2,10588.02,2.82,False
E00405,2024-01-01,2024-06-30,138000.0,0.15,10350.0,49.522,123.54,49.522,42.0937,245,10312.96,30267.3,19954.34,37.04,False
E00409,2024-01-01,2024-06-30,236000.0,0.15,17700.0,49.522,123.54,49.522,42.0937,420,17679.35,51886.8,34207.45,20.65,False
E00411,2024-01-01,2024-06-30,193000.0,0.1,9650.0,49.522,123.54,49.522,42.0937,229,9639.46,28290.66,18651.2,10.54,False
E00412,2024-01-01,2024-06-30,132000.0,0.15,9900.0,49.522,123.54,49.522,42.0937,235,9892.02,29031.9,19139.88,7.98,False
E00413,2024-01-01,2024-06-30,212000.0,0.05,5300.0,49.522,123.54,49.522,42.0937,125,5261.71,15442.5,10180.79,38.29,False
E00416,2024-01-01,2024-06-30,133000.0,0.05,3325.0,49.522,123.54,49.522,42.0937,78,3283.31,9636.12,6352.81,41.69,False
E00417,2024-01-01,2024-06-30,148000.0,0.1,7400.0,49.522,123.54,49.522,42.0937,175,7366.4,21619.5,14253.1,33.6,False
E00418,2024-01-01,2024-06-30,152000.0,0.15,11400.0,49.522,123.54,49.522,42.0937,270,11365.3,33355.8,21990.5,34.7,False
E00419,2024-01-01,2024-06-30,174000.0,0.1,8700.0,49.522,123.54,49.522,42.0937,206,8671.3,25449.24,16777.94,28.7,False
E00423,2024-01-01,2024-06-30,121000.0,0.1,6050.0,49.522,123.54,49.522,42.0937,143,6019.4,17666.22,11646.82,30.6,False
E00426,2024-01-01,2024-06-30,168000.0,0.15,12600.0,49.522,123.54,49.522,42.0937,299,12586.02,36938.46,24352.44,13.98,False
E00427,2024-01-01,2024-06-30,143000.0,0.05,3575.0,49.522,123.54,49.522,42.0937,84,3535.87,10377.36,6841.49,39.13,False
E00432,2024-01-01,2024-06-30,138000.0,0.1,6900.0,49.522,123.54,49.522,42.0937,163,6861.27,20137.02,13275.75,38.73,False
E00443,2024-01-01,2024-06-30,313000.0,0.1,15650.0,49.522,123.54,49.522,42.0937,371,15616.76,45833.34,30216.58,33.24,False
E00445,2024-01-01,2024-06-30,125000.0,0.15,9375.0,49.522,123.54,49.522,42.0937,222,9344.8,27425.88,18081.08,30.2,False
E00446,2024-01-01,2024-06-30,193000.0,0.1,9650.0,49.522,123.54,49.522,42.0937,229,9639.46,28290.66,18651.2,10.54,False
E00447,2024-01-01,2024-06-30,148000.0,0.1,7400.0,49.522,123.54,49.522,42.0937,175,7366.4,21619.5,14253.1,33.6,False
E00449,2024-01-01,2024-06-30,149000.0,0.15,11175.0,49.522,123.54,49.522,42.0937,265,11154.83,32738.1,21583.27,20.17,False
E00450,2024-01-01,2024-06-30,99000.0,0.1,4950.0,49.522,123.54,49.522,42.0937,117,4924.96,14454.18,9529.22,25.04,False
E00452,2024-01-01,2024-06-30,136000.0,0.1,6800.0,49.522,123.54,49.522,42.0937,161,6777.09,19889.94,13112.85,22.91,False
E00455,2024-01-01,2024-06-30,131000.0,0.05,3275.0,49.522,123.54,49.522,42.0937,77,3241.21,9512.58,6271.37,33.79,False
E00459,2024-01-01,2024-06-30,135000.0,0.1,6750.0,49.522,123.54,49.522,42.0937,160,6734.99,19766.4,13031.41,15.01,False
E00464,2024-01-01,2024-06-30,101000.0,0.05,2525.0,49.522,123.54,49.522,42.0937,59,2483.53,7288.86,4805.33,41.47,False
E00466,2024-01-01,2024-06-30,123000.0,0.15,9225.0,49.522,123.54,49.522,42.0937,219,9218.52,27055.26,17836.74,6.48,False
E00469,2024-01-01,2024-06-30,108000.0,0.1,5400.0,49.522,123.54,49.522,42.0937,128,5387.99,15813.12,10425.13,12.01,False
E00471,2024-01-01,2024-06-30,136000.0,0.05,3400.0,49.522,123.54,49.522,42.0937,80,3367.5,9883.2,6515.7,32.5,False
E00473,2024-01-01,2024-06-30,290000.0,0.05,7250.0,49.522,123.54,49.522,42.0937,172,7240.12,21248.88,14008.76,9.88,False
E00480,2024-01-01,2024-06-30,178000.0,0.1,8900.0,49.522,123.54,49.522,42.0937,211,8881.77,26066.94,17185.17,18.23,False
E00487,2024-01-01,2024-06-30,159000.0,0.1,7950.0,49.522,123.54,49.522,42.0937,188,7913.62,23225.52,15311.9,36.38,False
E00492,2024-01-01,2024-06-30,240000.0,0.15,18000.0,49.522,123.54,49.522,42.0937,427,17974.01,52751.58,34777.57,25.99,False
E00493,2024-01-01,2024-06-30,92000.0,0.1,4600.0,49.522,123.54,49.522,42.0937,109,4588.21,13465.86,8877.65,11.79,False
E00495,2024-01-01,2024-06-30,125000.0,0.1,6250.0,49.522,123.54,49.522,42.0937,148,6229.87,18283.92,12054.05,20.13,False
E00004,2024-01-01,2024-12-31,196000.0,0.1,9800.0,49.522,134.29,49.522,42.0937,232,9765.74,31155.28,21389.54,34.26,False
E00012,2024-01-01,2024-12-31,104000.0,0.15,7800.0,49.522,134.29,49.522,42.0937,185,7787.33,24843.65,17056.32,12.67,False
E00013,2024-01-01,2024-12-31,176000.0,0.15,13200.0,49.522,134.29,49.522,42.0937,191,8039.9,25649.39,17609.49,5160.1,True
E00015,2024-01-01,2024-12-31,138000.0,0.1,6900.0,49.522,134.29,49.522,42.0937,163,6861.27,21889.27,15028.0,38.73,False
E00017,2024-01-01,2024-12-31,183000.0,0.05,4575.0,49.522,134.29,49.522,42.0937,108,4546.12,14503.32,9957.2,28.88,False
E00023,2024-01-01,2024-12-31,151000.0,0.05,3775.0,49.522,134.29,49.522,42.0937,89,3746.34,11951.81,8205.47,28.66,False
E00025,2024-01-01,2024-12-31,166000.0,0.1,8300.0,49.522,134.29,49.522,42.0937,197,8292.46,26455.13,18162.67,7.54,False
E00030,2024-01-01,2024-12-31,137000.0,0.1,6850.0,49.522,134.29,49.522,42.0937,162,6819.18,21754.98,14935.8,30.82,False
E00031,2024-01-01,2024-12-31,168000.0,0.1,8400.0,49.522,134.29,49.522,42.0937,199,8376.65,26723.71,18347.06,23.35,False
E00039,2024-01-01,2024-12-31,86000.0,0.15,6450.0,49.522,134.29,49.522,42.0937,153,6440.34,20546.37,14106.03,9.66,False
E00041,2024-01-01,2024-12-31,191000.0,0.05,4775.0,49.522,134.29,49.522,42.0937,113,4756.59,15174.77,10418.18,18.41,False
E00042,2024-01-01,2024-12-31,245000.0,0.05,6125.0,49.522,134.29,49.522,42.0937,145,6103.59,19472.05,13368.46,21.41,False
E00045,2024-01-01,2024-12-31,132000.0,0.05,3300.0,49.522,134.29,49.522,42.0937,78,3283.31,10474.62,7191.31,16.69,False
E00052,2024-01-01,2024-12-31,324000.0,0.1,16200.0,49.522,134.29,49.522,42.0937,120,5051.24,16114.8,11063.56,11148.76,True
E00053,2024-01-01,2024-12-31,147000.0,0.1,7350.0,49.522,134.29,49.522,42.0937,174,7324.3,23366.46,16042.16,25.7,False
E00062,2024-01-01,2024-12-31,168000.0,0.05,4200.0,49.522,134.29,49.522,42.0937,99,4167.28,13294.71,9127.43,32.72,False
E00064,2024-01-01,2024-12-31,188000.0,0.05,4700.0,49.522,134.29,49.522,42.0937,111,4672.4,14906.19,10233.79,27.6,False
E00067,2024-01-01,2024-12-31,168000.0,0.1,8400.0,49.522,134.29,49.522,42.0937,199,8376.65,26723.71,18347.06,23.35,False
E00073,2024-01-01,2024-12-31,85000.0,0.05,2125.0,49.522,134.29,49.522,42.0937,50,2104.68,6714.5,4609.82,20.32,False
E00075,2024-01-01,2024-12-31,305000.0,0.05,7625.0,49.522,134.29,49.522,42.0937,181,7618.96,24306.49,16687.53,6.04,False
E00078,2024-01-01,2024-12-31,132000.0,0.1,6600.0,49.522,134.29,49.522,42.0937,156,6566.62,20949.24,14382.62,33.38,False
E00083,2024-01-01,2024-12-31,91000.0,0.1,4550.0,49.522,134.29,49.522,42.0937,108,4546.12,14503.32,9957.2,3.88,False
E00093,2024-01-01,2024-12-31,219000.0,0.1,10950.0,49.522,134.29,49.522,42.0937,244,10270.86,32766.76,22495.9,679.14,True
E00094,2024-01-01,2024-12-31,173000.0,0.1,8650.0,49.522,134.29,49.522,42.0937,205,8629.21,27529.45,18900.24,20.79,False
E00097,2024-01-01,2024-12-31,111000.0,0.1,5550.0,49.522,134.29,49.522,42.0937,131,5514.27,17591.99,12077.72,35.73,False
E00098,2024-01-01,2024-12-31,155000.0,0.15,11625.0,49.522,134.29,49.522,42.0937,228,9597.36,30618.12,21020.76,2027.64,True
E00099,2024-01-01,2024-12-31,100000.0,0.05,2500.0,49.522,134.29,49.522,42.0937,59,2483.53,7923.11,5439.58,16.47,False
E00102,2024-01-01,2024-12-31,152000.0,0.05,3800.0,49.522,134.29,49.522,42.0937,90,3788.43,12086.1,8297.67,11.57,False
E00106,2024-01-01,2024-12-31,127000.0,0.1,6350.0,49.522,134.29,49.522,42.0937,150,6314.05,20143.5,13829.45,35.95,False
E00111,2024-01-01,2024-12-31,100000.0,0.05,2500.0,49.522,134.29,49.522,42.0937,59,2483.53,7923.11,5439.58,16.47,False
E00112,2024-01-01,2024-12-31,134000.0,0.1,6700.0,49.522,134.29,49.522,42.0937,159,6692.9,21352.11,14659.21,7.1,False
E00115,2024-01-01,2024-12-31,131000.0,0.1,6550.0,49.522,134.29,49.522,42.0937,155,6524.52,20814.95,14290.43,25.48,False
E00116,2024-01-01,2024-12-31,282000.0,0.05,7050.0,49.522,134.29,49.522,42.0937,167,7029.65,22426.43,15396.78,20.35,False
E00118,2024-01-01,2024-12-31,95000.0,0.1,4750.0,49.522,134.29,49.522,42.0937,112,4714.49,15040.48,10325.99,35.51,False
E00120,2024-01-01,2024-12-31,170000.0,0.05,4250.0,49.522,134.29,49.522,42.0937,100,4209.37,13429.0,9219.63,40.63,False
E00122,2024-01-01,2024-12-31,133000.0,0.1,6650.0,49.522,134.29,49.522,42.0937,157,6608.71,21083.53,14474.82,41.29,False
E00126,2024-01-01,2024-12-31,183000.0,0.05,4575.0,49.522,134.29,49.522,42.0937,108,4546.12,14503.32,9957.2,28.88,False
E00129,2024-01-01,2024-12-31,120000.0,0.15,9000.0,49.522,134.29,49.522,42.0937,213,8965.96,28603.77,19637.81,34.04,False
E00131,2024-01-01,2024-12-31,91000.0,0.05,2275.0,49.522,134.29,49.522,42.0937,54,2273.06,7251.66,4978.6,1.94,False
E00138,2024-01-01,2024-12-31,194000.0,0.1,9700.0,49.522,134.29,49.522,42.0937,230,9681.55,30886.7,21205.15,18.45,False
E00141,2024-01-01,2024-12-31,242000.0,0.05,6050.0,49.522,134.29,49.522,42.0937,143,6019.4,19203.47,13184.07,30.6,False
E00144,2024-01-01,2024-12-31,134000.0,0.1,6700.0,49.522,134.29,49.522,42.0937,159,6692.9,21352.11,14659.21,7.1,False
E00148,2024-01-01,2024-12-31,93000.0,0.05,2325.0,49.522,134.29,49.522,42.0937,55,2315.15,7385.95,5070.8,9.85,False
E00149,2024-01-01,2024-12-31,341000.0,0.15,25575.0,49.522,134.29,49.522,42.0937,0,0.0,0.0,0.0,25575.0,True
E00151,2024-01-01,2024-12-31,128000.0,0.05,3200.0,49.522,134.29,49.522,42.0937,76,3199.12,10206.04,7006.92,0.88,False
E00152,2024-01-01,2024-12-31,115000.0,0.05,2875.0,49.522,134.29,49.522,42.0937,68,2862.37,9131.72,6269.35,12.63,False
E00155,2024-01-01,2024-12-31,129000.0,0.1,6450.0,49.522,134.29,49.522,42.0937,153,6440.34,20546.37,14106.03,9.66,False
E00158,2024-01-01,2024-12-31,146000.0,0.15,10950.0,49.522,134.29,49.522,42.0937,244,10270.86,32766.76,22495.9,679.14,True
E00161,2024-01-01,2024-12-31,116000.0,0.15,8700.0,49.522,134.29,49.522,42.0937,206,8671.3,27663.74,18992.44,28.7,False
E00165,2024-01-01,2024-12-31,194000.0,0.15,14550.0,49.522,134.29,49.522,42.0937,159,6692.9,21352.11,14659.21,7857.1,True
E00168,2024-01-01,2024-12-31,183000.0,0.1,9150.0,49.522,134.29,49.522,42.0937,217,9134.33,29140.93,20006.6,15.67,False
E00170,2024-01-01,2024-12-31,95000.0,0.15,7125.0,49.522,134.29,49.522,42.0937,169,7113.84,22695.01,15581.17,11.16,False
E00171,2024-01-01,2024-12-31,162000.0,0.15,12150.0,49.522,134.29,49.522,42.0937,216,9092.24,29006.64,19914.4,3057.76,True
E00175,2024-01-01,2024-12-31,112000.0,0.1,5600.0,49.522,134.29,49.522,42.0937,133,5598.46,17860.57,12262.11,1.54,False
E00177,2024-01-01,2024-12-31,363000.0,0.05,9075.0,49.522,134.29,49.522,42.0937,215,9050.15,28872.35,19822.2,24.85,False
E00179,2024-01-01,2024-12-31,128000.0,0.05,3200.0,49.522,134.29,49.522,42.0937,76,3199.12,10206.04,7006.92,0.88,False
E00180,2024-01-01,2024-12-31,238000.0,0.05,5950.0,49.522,134.29,49.522,42.0937,141,5935.21,18934.89,12999.68,14.79,False
E00185,2024-01-01,2024-12-31,100000.0,0.15,7500.0,49.522,134.29,49.522,42.0937,178,7492.68,23903.62,16410.94,7.32,False
E00188,2024-01-01,2024-12-31,82000.0,0.05,2050.0,49.522,134.29,49.522,42.0937,48,2020.5,6445.92,4425.42,29.5,False
E00191,2024-01-01,2024-12-31,117000.0,0.1,5850.0,49.522,134.29,49.522,42.0937,138,5808.93,18532.02,12723.09,41.07,False
E00197,2024-01-01,2024-12-31,103000.0,0.05,2575.0,49.522,134.29,49.522,42.0937,61,2567.72,8191.69,5623.97,7.28,False
E00203,2024-01-01,2024-12-31,131000.0,0.15,9825.0,49.522,134.29,49.522,42.0937,233,9807.83,31289.57,21481.74,17.17,False
E00205,2024-01-01,2024-12-31,74000.0,0.1,3700.0,49.522,134.29,49.522,42.0937,87,3662.15,11683.23,8021.08,37.85,False
E00206,2024-01-01,2024-12-31,94000.0,0.05,2350.0,49.522,134.29,49.522,42.0937,55,2315.15,7385.95,5070.8,34.85,False
E00210,2024-01-01,2024-12-31,221000.0,0.1,11050.0,49.522,134.29,49.522,42.0937,242,10186.68,32498.18,22311.5,863.32,True
E00213,2024-01-01,2024-12-31,176000.0,0.1,8800.0,49.522,134.29,49.522,42.0937,209,8797.58,28066.61,19269.03,2.42,False
E00214,2024-01-01,2024-12-31,90000.0,0.15,6750.0,49.522,134.29,49.522,42.0937,160,6734.99,21486.4,14751.41,15.01,False
E00217,2024-01-01,2024-12-31,187000.0,0.1,9350.0,49.522,134.29,49.522,42.0937,222,9344.8,29812.38,20467.58,5.2,False
E00219,2024-01-01,2024-12-31,128000.0,0.1,6400.0,49.522,134.29,49.522,42.0937,152,6398.24,20412.08,14013.84,1.76,False
E00231,2024-01-01,2024-12-31,252000.0,0.1,12600.0,49.522,134.29,49.522,42.0937,205,8629.21,27529.45,18900.24,3970.79,True
E00233,2024-01-01,2024-12-31,135000.0,0.15,10125.0,49.522,134.29,49.522,42.0937,240,10102.49,32229.6,22127.11,22.51,False
E00234,2024-01-01,2024-12-31,347000.0,0.1,17350.0,49.522,134.29,49.522,42.0937,92,3872.62,12354.68,8482.06,13477.38,True
E00236,2024-01-01,2024-12-31,120000.0,0.15,9000.0,49.522,134.29,49.522,42.0937,213,8965.96,28603.77,19637.81,34.04,False
E00239,2024-01-01,2024-12-31,154000.0,0.1,7700.0,49.522,134.29,49.522,42.0937,182,7661.05,24440.78,16779.73,38.95,False
E00240,2024-01-01,2024-12-31,122000.0,0.15,9150.0,49.522,134.29,49.522,42.0937,217,9134.33,29140.93,20006.6,15.67,False
E00243,2024-01-01,2024-12-31,77000.0,0.05,1925.0,49.522,134.29,49.522,42.0937,45,1894.22,6043.05,4148.83,30.78,False
E00248,2024-01-01,2024-12-31,162000.0,0.1,8100.0,49.522,134.29,49.522,42.0937,192,8081.99,25783.68,17701.69,18.01,False
E00254,2024-01-01,2024-12-31,115000.0,0.1,5750.0,49.522,134.29,49.522,42.0937,136,5724.74,18263.44,12538.7,25.26,False
E00264,2024-01-01,2024-12-31,164000.0,0.15,12300.0,49.522,134.29,49.522,42.0937,212,8923.86,28469.48,19545.62,3376.14,True
E00268,2024-01-01,2024-12-31,136000.0,0.05,3400.0,49.522,134.29,49.522,42.0937,80,3367.5,10743.2,7375.7,32.5,False
E00271,2024-01-01,2024-12-31,87000.0,0.15,6525.0,49.522,134.29,49.522,42.0937,155,6524.52,20814.95,14290.43,0.48,False
E00272,2024-01-01,2024-12-31,99000.0,0.1,4950.0,49.522,134.29,49.522,42.0937,117,4924.96,15711.93,10786.97,25.04,False
E00274,2024-01-01,2024-12-31,225000.0,0.05,5625.0,49.522,134.29,49.522,42.0937,133,5598.46,17860.57,12262.11,26.54,False
E00278,2024-01-01,2024-12-31,114000.0,0.1,5700.0,49.522,134.29,49.522,42.0937,135,5682.65,18129.15,12446.5,17.35,False
E00281,2024-01-01,2024-12-31,138000.0,0.05,3450.0,49.522,134.29,49.522,42.0937,81,3409.59,10877.49,7467.9,40.41,False
E00284,2024-01-01,2024-12-31,185000.0,0.1,9250.0,49.522,134.29,49.522,42.0937,219,9218.52,29409.51,20190.99,31.48,False
E00285,2024-01-01,2024-12-31,153000.0,0.05,3825.0,49.522,134.29,49.522,42.0937,90,3788.43,12086.1,8297.67,36.57,False
E00287,2024-01-01,2024-12-31,134000.0,0.15,10050.0,49.522,134.29,49.522,42.0937,238,10018.3,31961.02,21942.72,31.7,False
E00288,2024-01-01,2024-12-31,302000.0,0.05,7550.0,49.522,134.29,49.522,42.0937,179,7534.77,24037.91,16503.14,15.23,False
E00296,2024-01-01,2024-12-31,97000.0,0.05,2425.0,49.522,134.29,49.522,42.0937,57,2399.34,7654.53,5255.19,25.66,False
E00298,2024-01-01,2024-12-31,124000.0,0.1,6200.0,49.522,134.29,49.522,42.0937,147,6187.77,19740.63,13552.86,12.23,False
E00299,2024-01-01,2024-12-31,142000.0,0.05,3550.0,49.522,134.29,49.522,42.0937,84,3535.87,11280.36,7744.49,14.13,False
E00301,2024-01-01,2024-12-31,117000.0,0.1,5850.0,49.522,134.29,49.522,42.0937,138,5808.93,18532.02,12723.09,41.07,False
E00308,2024-01-01,2024-12-31,205000.0,0.05,5125.0,49.522,134.29,49.522,42.0937,121,5093.34,16249.09,11155.75,31.66,False
E00309,2024-01-01,2024-12-31,139000.0,0.05,3475.0,49.522,134.29,49.522,42.0937,82,3451.68,11011.78,7560.1,23.32,False
E00320,2024-01-01,2024-12-31,260000.0,0.05,6500.0,49.522,134.29,49.522,42.0937,154,6482.43,20680.66,14198.23,17.57,False
E00323,2024-01-01,2024-12-31,150000.0,0.1,7500.0,49.522,134.29,49.522,42.0937,178,7492.68,23903.62,16410.94,7.32,False
E00326,2024-01-01,2024-12-31,191000.0,0.15,14325.0,49.522,134.29,49.522,42.0937,164,6903.37,22023.56,15120.19,7421.63,True
E00329,2024-01-01,2024-12-31,152000.0,0.05,3800.0,49.522,134.29,49.522,42.0937,90,3788.43,12086.1,8297.67,11.57,False
E00331,2024-01-01,2024-12-31,114000.0,0.05,2850.0,49.522,134.29,49.522,42.0937,67,2820.28,8997.43,6177.15,29.72,False
E00335,2024-01-01,2024-12-31,176000.0,0.1,8800.0,49.522,134.29,49.522,42.0937,209,8797.58,28066.61,19269.03,2.42,False
E00336,2024-01-01,2024-12-31,199000.0,0.15,14925.0,49.522,134.29,49.522,42.0937,150,6314.05,20143.5,13829.45,8610.95,True
E00338,2024-01-01,2024-12-31,311000.0,0.15,23325.0,49.522,134.29,49.522,42.0937,0,0.0,0.0,0.0,23325.0,True
E00339,2024-01-01,2024-12-31,149000.0,0.15,11175.0,49.522,134.29,49.522,42.0937,239,10060.39,32095.31,22034.92,1114.61,True
E00347,2024-01-01,2024-12-31,121000.0,0.05,3025.0,49.522,134.29,49.522,42.0937,71,2988.65,9534.59,6545.94,36.35,False
E00352,2024-01-01,2024-12-31,194000.0,0.1,9700.0,49.522,134.29,49.522,42.0937,230,9681.55,30886.7,21205.15,18.45,False
E00353,2024-01-01,2024-12-31,89000.0,0.05,2225.0,49.522,134.29,49.522,42.0937,52,2188.87,6983.08,4794.21,36.13,False
E00361,2024-01-01,2024-12-31,172000.0,0.15,12900.0,49.522,134.29,49.522,42.0937,198,8334.55,26589.42,18254.87,4565.45,True
E00365,2024-01-01,2024-12-31,94000.0,0.1,4700.0,49.522,134.29,49.522,42.0937,111,4672.4,14906.19,10233.79,27.6,False
E00367,2024-01-01,2024-12-31,119000.0,0.1,5950.0,49.522,134.29,49.522,42.0937,141,5935.21,18934.89,12999.68,14.79,False
E00368,2024-01-01,2024-12-31,159000.0,0.05,3975.0,49.522,134.29,49.522,42.0937,94,3956.81,12623.26,8666.45,18.19,False
E00369,2024-01-01,2024-12-31,236000.0,0.15,17700.0,49.522,134.29,49.522,42.0937,84,3535.87,11280.36,7744.49,14164.13,True
E00370,2024-01-01,2024-12-31,144000.0,0.15,10800.0,49.522,134.29,49.522,42.0937,248,10439.24,33303.92,22864.68,360.76,True
E00374,2024-01-01,2024-12-31,194000.0,0.1,9700.0,49.522,134.29,49.522,42.0937,230,9681.55,30886.7,21205.15,18.45,False
E00377,2024-01-01,2024-12-31,171000.0,0.05,4275.0,49.522,134.29,49.522,42.0937,101,4251.46,13563.29,9311.83,23.54,False
E00379,2024-01-01,2024-12-31,158000.0,0.05,3950.0,49.522,134.29,49.522,42.0937,93,3914.71,12488.97,8574.26,35.29,False
E00384,2024-01-01,2024-12-31,82000.0,0.1,4100.0,49.522,134.29,49.522,42.0937,97,4083.09,13026.13,8943.04,16.91,False
E00387,2024-01-01,2024-12-31,137000.0,0.1,6850.0,49.522,134.29,49.522,42.0937,162,6819.18,21754.98,14935.8,30.82,False
E00388,2024-01-01,2024-12-31,138000.0,0.05,3450.0,49.522,134.29,49.522,42.0937,81,3409.59,10877.49,7467.9,40.41,False
E00401,2024-01-01,2024-12-31,225000.0,0.05,5625.0,49.522,134.29,49.522,42.0937,133,5598.46,17860.57,12262.11,26.54,False
E00404,2024-01-01,2024-12-31,219000.0,0.05,5475.0,49.522,134.29,49.522,42.0937,130,5472.18,17457.7,11985.52,2.82,False
E00405,2024-01-01,2024-12-31,138000.0,0.15,10350.0,49.522,134.29,49.522,42.0937,245,10312.96,32901.05,22588.09,37.04,False
E00409,2024-01-01,2024-12-31,236000.0,0.15,17700.0,49.522,134.29,49.522,42.0937,84,3535.87,11280.36,7744.49,14164.13,True
E00411,2024-01-01,2024-12-31,193000.0,0.1,9650.0,49.522,134.29,49.522,42.0937,229,9639.46,30752.41,21112.95,10.54,False
E00412,2024-01-01,2024-12-31,132000.0,0.15,9900.0,49.522,134.29,49.522,42.0937,235,9892.02,31558.15,21666.13,7.98,False
E00413,2024-01-01,2024-12-31,212000.0,0.05,5300.0,49.522,134.29,49.522,42.0937,125,5261.71,16786.25,11524.54,38.29,False
E00416,2024-01-01,2024-12-31,133000.0,0.05,3325.0,49.522,134.29,49.522,42.0937,78,3283.31,10474.62,7191.31,41.69,False
E00417,2024-01-01,2024-12-31,148000.0,0.1,7400.0,49.522,134.29,49.522,42.0937,175,7366.4,23500.75,16134.35,33.6,False
E00418,2024-01-01,2024-12-31,152000.0,0.15,11400.0,49.522,134.29,49.522,42.0937,234,9849.93,31423.86,21573.93,1550.07,True
E00419,2024-01-01,2024-12-31,174000.0,0.1,8700.0,49.522,134.29,49.522,42.0937,206,8671.3,27663.74,18992.44,28.7,False
E00423,2024-01-01,2024-12-31,121000.0,0.1,6050.0,49.522,134.29,49.522,42.0937,143,6019.4,19203.47,13184.07,30.6,False
E00426,2024-01-01,2024-12-31,168000.0,0.15,12600.0,49.522,134.29,49.522,42.0937,205,8629.21,27529.45,18900.24,3970.79,True
E00427,2024-01-01,2024-12-31,143000.0,0.05,3575.0,49.522,134.29,49.522,42.0937,84,3535.87,11280.36,7744.49,39.13,False
E00432,2024-01-01,2024-12-31,138000.0,0.1,6900.0,49.522,134.29,49.522,42.0937,163,6861.27,21889.27,15028.0,38.73,False
E00443,2024-01-01,2024-12-31,313000.0,0.1,15650.0,49.522,134.29,49.522,42.0937,133,5598.46,17860.57,12262.11,10051.54,True
E00445,2024-01-01,2024-12-31,125000.0,0.15,9375.0,49.522,134.29,49.522,42.0937,222,9344.8,29812.38,20467.58,30.2,False
E00446,2024-01-01,2024-12-31,193000.0,0.1,9650.0,49.522,134.29,49.522,42.0937,229,9639.46,30752.41,21112.95,10.54,False
E00447,2024-01-01,2024-12-31,148000.0,0.1,7400.0,49.522,134.29,49.522,42.0937,175,7366.4,23500.75,16134.35,33.6,False
E00449,2024-01-01,2024-12-31,149000.0,0.15,11175.0,49.522,134.29,49.522,42.0937,239,10060.39,32095.31,22034.92,1114.61,True
E00450,2024-01-01,2024-12-31,99000.0,0.1,4950.0,49.522,134.29,49.522,42.0937,117,4924.96,15711.93,10786.97,25.04,False
E00452,2024-01-01,2024-12-31,136000.0,0.1,6800.0,49.522,134.29,49.522,42.0937,161,6777.09,21620.69,14843.6,22.91,False
E00455,2024-01-01,2024-12-31,131000.0,0.05,3275.0,49.522,134.29,49.522,42.0937,77,3241.21,10340.33,7099.12,33.79,False
E00459,2024-01-01,2024-12-31,135000.0,0.1,6750.0,49.522,134.29,49.522,42.0937,160,6734.99,21486.4,14751.41,15.01,False
E00464,2024-01-01,2024-12-31,101000.0,0.05,2525.0,49.522,134.29,49.522,42.0937,59,2483.53,7923.11,5439.58,41.47,False
E00466,2024-01-01,2024-12-31,123000.0,0.15,9225.0,49.522,134.29,49.522,42.0937,219,9218.52,29409.51,20190.99,6.48,False
E00469,2024-01-01,2024-12-31,108000.0,0.1,5400.0,49.522,134.29,49.522,42.0937,128,5387.99,17189.12,11801.13,12.01,False
E00471,2024-01-01,2024-12-31,136000.0,0.05,3400.0,49.522,134.29,49.522,42.0937,80,3367.5,10743.2,7375.7,32.5,False
E00473,2024-01-01,2024-12-31,290000.0,0.05,7250.0,49.522,134.29,49.522,42.0937,172,7240.12,23097.88,15857.76,9.88,False
E00480,2024-01-01,2024-12-31,178000.0,0.1,8900.0,49.522,134.29,49.522,42.0937,211,8881.77,28335.19,19453.42,18.23,False
E00487,2024-01-01,2024-12-31,159000.0,0.1,7950.0,49.522,134.29,49.522,42.0937,188,7913.62,25246.52,17332.9,36.38,False
E00492,2024-01-01,2024-12-31,240000.0,0.15,18000.0,49.522,134.29,49.522,42.0937,77,3241.21,10340.33,7099.12,14758.79,True
E00493,2024-01-01,2024-12-31,92000.0,0.1,4600.0,49.522,134.29,49.522,42.0937,109,4588.21,14637.61,10049.4,11.79,False
E00495,2024-01-01,2024-12-31,125000.0,0.1,6250.0,49.522,134.29,49.522,42.0937,148,6229.87,19874.92,13645.05,20.13,False
E00004,2024-01-01,2025-06-30,196000.0,0.1,9800.0,49.522,157.99,49.522,42.0937,232,9765.74,36653.68,26887.94,34.26,False
E00012,2024-01-01,2025-06-30,104000.0,0.15,7800.0,49.522,157.99,49.522,42.0937,185,7787.33,29228.15,21440.82,12.67,False
E00013,2024-01-01,2025-06-30,176000.0,0.15,13200.0,49.522,157.99,49.522,42.0937,313,13175.33,49450.87,36275.54,24.67,False
E00015,2024-01-01,2025-06-30,138000.0,0.1,6900.0,49.522,157.99,49.522,42.0937,163,6861.27,25752.37,18891.1,38.73,False
E00017,2024-01-01,2025-06-30,183000.0,0.05,4575.0,49.522,157.99,49.522,42.0937,108,4546.12,17062.92,12516.8,28.88,False
E00023,2024-01-01,2025-06-30,151000.0,0.05,3775.0,49.522,157.99,49.522,42.0937,89,3746.34,14061.11,10314.77,28.66,False
E00025,2024-01-01,2025-06-30,166000.0,0.1,8300.0,49.522,157.99,49.522,42.0937,197,8292.46,31124.03,22831.57,7.54,False
E00030,2024-01-01,2025-06-30,137000.0,0.1,6850.0,49.522,157.99,49.522,42.0937,162,6819.18,25594.38,18775.2,30.82,False
E00031,2024-01-01,2025-06-30,168000.0,0.1,8400.0,49.522,157.99,49.522,42.0937,199,8376.65,31440.01,23063.36,23.35,False
E00039,2024-01-01,2025-06-30,86000.0,0.15,6450.0,49.522,157.99,49.522,42.0937,153,6440.34,24172.47,17732.13,9.66,False
E00041,2024-01-01,2025-06-30,191000.0,0.05,4775.0,49.522,157.99,49.522,42.0937,113,4756.59,17852.87,13096.28,18.41,False
E00042,2024-01-01,2025-06-30,245000.0,0.05,6125.0,49.522,157.99,49.522,42.0937,145,6103.59,22908.55,16804.96,21.41,False
E00045,2024-01-01,2025-06-30,132000.0,0.05,3300.0,49.522,157.99,49.522,42.0937,78,3283.31,12323.22,9039.91,16.69,False
E00052,2024-01-01,2025-06-30,324000.0,0.1,16200.0,49.522,157.99,49.522,42.0937,384,16163.98,60668.16,44504.18,36.02,False
E00053,2024-01-01,2025-06-30,147000.0,0.1,7350.0,49.522,157.99,49.522,42.0937,174,7324.3,27490.26,20165.96,25.7,False
E00062,2024-01-01,2025-06-30,168000.0,0.05,4200.0,49.522,157.99,49.522,42.0937,99,4167.28,15641.01,11473.73,32.72,False
E00067,2024-01-01,2025-06-30,168000.0,0.1,8400.0,49.522,157.99,49.522,42.0937,199,8376.65,31440.01,23063.36,23.35,False
E00073,2024-01-01,2025-06-30,85000.0,0.05,2125.0,49.522,157.99,49.522,42.0937,50,2104.68,7899.5,5794.82,20.32,False
E00075,2024-01-01,2025-06-30,305000.0,0.05,7625.0,49.522,157.99,49.522,42.0937,181,7618.96,28596.19,20977.23,6.04,False
E00078,2024-01-01,2025-06-30,132000.0,0.1,6600.0,49.522,157.99,49.522,42.0937,156,6566.62,24646.44,18079.82,33.38,False
E00083,2024-01-01,2025-06-30,91000.0,0.1,4550.0,49.522,157.99,49.522,42.0937,108,4546.12,17062.92,12516.8,3.88,False
E00093,2024-01-01,2025-06-30,219000.0,0.1,10950.0,49.522,157.99,49.522,42.0937,260,10944.36,41077.4,30133.04,5.64,False
E00094,2024-01-01,2025-06-30,173000.0,0.1,8650.0,49.522,157.99,49.522,42.0937,205,8629.21,32387.95,23758.74,20.79,False
E00097,2024-01-01,2025-06-30,111000.0,0.1,5550.0,49.522,157.99,49.522,42.0937,131,5514.27,20696.69,15182.42,35.73,False
E00098,2024-01-01,2025-06-30,155000.0,0.15,11625.0,49.522,157.99,49.522,42.0937,276,11617.86,43605.24,31987.38,7.14,False
E00099,2024-01-01,2025-06-30,100000.0,0.05,2500.0,49.522,157.99,49.522,42.0937,59,2483.53,9321.41,6837.88,16.47,False
E00102,2024-01-01,2025-06-30,152000.0,0.05,3800.0,49.522,157.99,49.522,42.0937,90,3788.43,14219.1,10430.67,11.57,False
E00106,2024-01-01,2025-06-30,127000.0,0.1,6350.0,49.522,157.99,49.522,42.0937,150,6314.05,23698.5,17384.45,35.95,False
E00111,2024-01-01,2025-06-30,100000.0,0.05,2500.0,49.522,157.99,49.522,42.0937,59,2483.53,9321.41,6837.88,16.47,False
E00112,2024-01-01,2025-06-30,134000.0,0.1,6700.0,49.522,157.99,49.522,42.0937,159,6692.9,25120.41,18427.51,7.1,False
E00115,2024-01-01,2025-06-30,131000.0,0.1,6550.0,49.522,157.99,49.522,42.0937,155,6524.52,24488.45,17963.93,25.48,False
E00116,2024-01-01,2025-06-30,282000.0,0.05,7050.0,49.522,157.99,49.522,42.0937,167,7029.65,26384.33,19354.68,20.35,False
E00118,2024-01-01,2025-06-30,95000.0,0.1,4750.0,49.522,157.99,49.522,42.0937,112,4714.49,17694.88,12980.39,35.51,False
E00120,2024-01-01,2025-06-30,170000.0,0.05,4250.0,49.522,157.99,49.522,42.0937,100,4209.37,15799.0,11589.63,40.63,False
E00122,2024-01-01,2025-06-30,133000.0,0.1,6650.0,49.522,157.99,49.522,42.0937,157,6608.71,24804.43,18195.72,41.29,False
E00129,2024-01-01,2025-06-30,120000.0,0.15,9000.0,49.522,157.99,49.522,42.0937,213,8965.96,33651.87,24685.91,34.04,False
E00131,2024-01-01,2025-06-30,91000.0,0.05,2275.0,49.522,157.99,49.522,42.0937,54,2273.06,8531.46,6258.4,1.94,False
E00138,2024-01-01,2025-06-30,194000.0,0.1,9700.0,49.522,157.99,49.522,42.0937,230,9681.55,36337.7,26656.15,18.45,False
E00141,2024-01-01,2025-06-30,242000.0,0.05,6050.0,49.522,157.99,49.522,42.0937,143,6019.4,22592.57,16573.17,30.6,False
E00144,2024-01-01,2025-06-30,134000.0,0.1,6700.0,49.522,157.99,49.522,42.0937,159,6692.9,25120.41,18427.51,7.1,False
E00148,2024-01-01,2025-06-30,93000.0,0.05,2325.0,49.522,157.99,49.522,42.0937,55,2315.15,8689.45,6374.3,9.85,False
E00149,2024-01-01,2025-06-30,341000.0,0.15,25575.0,49.522,157.99,49.522,42.0937,504,21215.22,79626.96,58411.74,4359.78,True
E00151,2024-01-01,2025-06-30,128000.0,0.05,3200.0,49.522,157.99,49.522,42.0937,76,3199.12,12007.24,8808.12,0.88,False
E00152,2024-01-01,2025-06-30,115000.0,0.05,2875.0,49.522,157.99,49.522,42.0937,68,2862.37,10743.32,7880.95,12.63,False
E00155,2024-01-01,2025-06-30,129000.0,0.1,6450.0,49.522,157.99,49.522,42.0937,153,6440.34,24172.47,17732.13,9.66,False
E00158,2024-01-01,2025-06-30,146000.0,0.15,10950.0,49.522,157.99,49.522,42.0937,260,10944.36,41077.4,30133.04,5.64,False
E00161,2024-01-01,2025-06-30,116000.0,0.15,8700.0,49.522,157.99,49.522,42.0937,206,8671.3,32545.94,23874.64,28.7,False
E00165,2024-01-01,2025-06-30,194000.0,0.15,14550.0,49.522,157.99,49.522,42.0937,345,14522.33,54506.55,39984.22,27.67,False
E00168,2024-01-01,2025-06-30,183000.0,0.1,9150.0,49.522,157.99,49.522,42.0937,217,9134.33,34283.83,25149.5,15.67,False
E00170,2024-01-01,2025-06-30,95000.0,0.15,7125.0,49.522,157.99,49.522,42.0937,169,7113.84,26700.31,19586.47,11.16,False
E00171,2024-01-01,2025-06-30,162000.0,0.15,12150.0,49.522,157.99,49.522,42.0937,288,12122.99,45501.12,33378.13,27.01,False
E00177,2024-01-01,2025-06-30,363000.0,0.05,9075.0,49.522,157.99,49.522,42.0937,215,9050.15,33967.85,24917.7,24.85,False
E00179,2024-01-01,2025-06-30,128000.0,0.05,3200.0,49.522,157.99,49.522,42.0937,76,3199.12,12007.24,8808.12,0.88,False
E00180,2024-01-01,2025-06-30,238000.0,0.05,5950.0,49.522,157.99,49.522,42.0937,141,5935.21,22276.59,16341.38,14.79,False
E00185,2024-01-01,2025-06-30,100000.0,0.15,7500.0,49.522,157.99,49.522,42.0937,178,7492.68,28122.22,20629.54,7.32,False
E00188,2024-01-01,2025-06-30,82000.0,0.05,2050.0,49.522,157.99,49.522,42.0937,48,2020.5,7583.52,5563.02,29.5,False
E00191,2024-01-01,2025-06-30,117000.0,0.1,5850.0,49.522,157.99,49.522,42.0937,138,5808.93,21802.62,15993.69,41.07,False
E00197,2024-01-01,2025-06-30,103000.0,0.05,2575.0,49.522,157.99,49.522,42.0937,61,2567.72,9637.39,7069.67,7.28,False
E00203,2024-01-01,2025-06-30,131000.0,0.15,9825.0,49.522,157.99,49.522,42.0937,233,9807.83,36811.67,27003.84,17.17,False
E00205,2024-01-01,2025-06-30,74000.0,0.1,3700.0,49.522,157.99,49.522,42.0937,87,3662.15,13745.13,10082.98,37.85,False
E00206,2024-01-01,2025-06-30,94000.0,0.05,2350.0,49.522,157.99,49.522,42.0937,55,2315.15,8689.45,6374.3,34.85,False
E00210,2024-01-01,2025-06-30,221000.0,0.1,11050.0,49.522,157.99,49.522,42.0937,262,11028.55,41393.38,30364.83,21.45,False
E00213,2024-01-01,2025-06-30,176000.0,0.1,8800.0,49.522,157.99,49.522,42.0937,209,8797.58,33019.91,24222.33,2.42,False
E00214,2024-01-01,2025-06-30,90000.0,0.15,6750.0,49.522,157.99,49.522,42.0937,160,6734.99,25278.4,18543.41,15.01,False
E00217,2024-01-01,2025-06-30,187000.0,0.1,9350.0,49.522,157.99,49.522,42.0937,222,9344.8,35073.78,25728.98,5.2,False
E00219,2024-01-01,2025-06-30,128000.0,0.1,6400.0,49.522,157.99,49.522,42.0937,152,6398.24,24014.48,17616.24,1.76,False
E00231,2024-01-01,2025-06-30,252000.0,0.1,12600.0,49.522,157.99,49.522,42.0937,299,12586.02,47239.01,34652.99,13.98,False
E00233,2024-01-01,2025-06-30,135000.0,0.15,10125.0,49.522,157.99,49.522,42.0937,240,10102.49,37917.6,27815.11,22.51,False
E00234,2024-01-01,2025-06-30,347000.0,0.1,17350.0,49.522,157.99,49.522,42.0937,412,17342.6,65091.88,47749.28,7.4,False
E00236,2024-01-01,2025-06-30,120000.0,0.15,9000.0,49.522,157.99,49.522,42.0937,213,8965.96,33651.87,24685.91,34.04,False
E00239,2024-01-01,2025-06-30,154000.0,0.1,7700.0,49.522,157.99,49.522,42.0937,182,7661.05,28754.18,21093.13,38.95,False
E00240,2024-01-01,2025-06-30,122000.0,0.15,9150.0,49.522,157.99,49.522,42.0937,217,9134.33,34283.83,25149.5,15.67,False
E00248,2024-01-01,2025-06-30,162000.0,0.1,8100.0,49.522,157.99,49.522,42.0937,192,8081.99,30334.08,22252.09,18.01,False
E00254,2024-01-01,2025-06-30,115000.0,0.1,5750.0,49.522,157.99,49.522,42.0937,136,5724.74,21486.64,15761.9,25.26,False
E00264,2024-01-01,2025-06-30,164000.0,0.15,12300.0,49.522,157.99,49.522,42.0937,292,12291.36,46133.08,33841.72,8.64,False
E00268,2024-01-01,2025-06-30,136000.0,0.05,3400.0,49.522,157.99,49.522,42.0937,80,3367.5,12639.2,9271.7,32.5,False
E00271,2024-01-01,2025-06-30,87000.0,0.15,6525.0,49.522,157.99,49.522,42.0937,155,6524.52,24488.45,17963.93,0.48,False
E00272,2024-01-01,2025-06-30,99000.0,0.1,4950.0,49.522,157.99,49.522,42.0937,117,4924.96,18484.83,13559.87,25.04,False
E00274,2024-01-01,2025-06-30,225000.0,0.05,5625.0,49.522,157.99,49.522,42.0937,133,5598.46,21012.67,15414.21,26.54,False
E00278,2024-01-01,2025-06-30,114000.0,0.1,5700.0,49.522,157.99,49.522,42.0937,135,5682.65,21328.65,15646.0,17.35,False
E00281,2024-01-01,2025-06-30,138000.0,0.05,3450.0,49.522,157.99,49.522,42.0937,81,3409.59,12797.19,9387.6,40.41,False
E00284,2024-01-01,2025-06-30,185000.0,0.1,9250.0,49.522,157.99,49.522,42.0937,219,9218.52,34599.81,25381.29,31.48,False
E00285,2024-01-01,2025-06-30,153000.0,0.05,3825.0,49.522,157.99,49.522,42.0937,90,3788.43,14219.1,10430.67,36.57,False
E00287,2024-01-01,2025-06-30,134000.0,0.15,10050.0,49.522,157.99,49.522,42.0937,238,10018.3,37601.62,27583.32,31.7,False
E00288,2024-01-01,2025-06-30,302000.0,0.05,7550.0,49.522,157.99,49.522,42.0937,179,7534.77,28280.21,20745.44,15.23,False
E00296,2024-01-01,2025-06-30,97000.0,0.05,2425.0,49.522,157.99,49.522,42.0937,57,2399.34,9005.43,6606.09,25.66,False
E00298,2024-01-01,2025-06-30,124000.0,0.1,6200.0,49.522,157.99,49.522,42.0937,147,6187.77,23224.53,17036.76,12.23,False
E00299,2024-01-01,2025-06-30,142000.0,0.05,3550.0,49.522,157.99,49.522,42.0937,84,3535.87,13271.16,9735.29,14.13,False
E00301,2024-01-01,2025-06-30,117000.0,0.1,5850.0,49.522,157.99,49.522,42.0937,138,5808.93,21802.62,15993.69,41.07,False
E00308,2024-01-01,2025-06-30,205000.0,0.05,5125.0,49.522,157.99,49.522,42.0937,121,5093.34,19116.79,14023.45,31.66,False
E00309,2024-01-01,2025-06-30,139000.0,0.05,3475.0,49.522,157.99,49.522,42.0937,82,3451.68,12955.18,9503.5,23.32,False
E00320,2024-01-01,2025-06-30,260000.0,0.05,6500.0,49.522,157.99,49.522,42.0937,154,6482.43,24330.46,17848.03,17.57,False
E00323,2024-01-01,2025-06-30,150000.0,0.1,7500.0,49.522,157.99,49.522,42.0937,178,7492.68,28122.22,20629.54,7.32,False
E00326,2024-01-01,2025-06-30,191000.0,0.15,14325.0,49.522,157.99,49.522,42.0937,340,14311.86,53716.6,39404.74,13.14,False
E00329,2024-01-01,2025-06-30,152000.0,0.05,3800.0,49.522,157.99,49.522,42.0937,90,3788.43,14219.1,10430.67,11.57,False
E00331,2024-01-01,2025-06-30,114000.0,0.05,2850.0,49.522,157.99,49.522,42.0937,67,2820.28,10585.33,7765.05,29.72,False
E00335,2024-01-01,2025-06-30,176000.0,0.1,8800.0,49.522,157.99,49.522,42.0937,209,8797.58,33019.91,24222.33,2.42,False
E00336,2024-01-01,2025-06-30,199000.0,0.15,14925.0,49.522,157.99,49.522,42.0937,354,14901.17,55928.46,41027.29,23.83,False
E00338,2024-01-01,2025-06-30,311000.0,0.15,23325.0,49.522,157.99,49.522,42.0937,504,21215.22,79626.96,58411.74,2109.78,True
E00339,2024-01-01,2025-06-30,149000.0,0.15,11175.0,49.522,157.99,49.522,42.0937,265,11154.83,41867.35,30712.52,20.17,False
E00347,2024-01-01,2025-06-30,121000.0,0.05,3025.0,49.522,157.99,49.522,42.0937,71,2988.65,11217.29,8228.64,36.35,False
E00352,2024-01-01,2025-06-30,194000.0,0.1,9700.0,49.522,157.99,49.522,42.0937,230,9681.55,36337.7,26656.15,18.45,False
E00353,2024-01-01,2025-06-30,89000.0,0.05,2225.0,49.522,157.99,49.522,42.0937,52,2188.87,8215.48,6026.61,36.13,False
E00361,2024-01-01,2025-06-30,172000.0,0.15,12900.0,49.522,157.99,49.522,42.0937,306,12880.67,48344.94,35464.27,19.33,False
E00365,2024-01-01,2025-06-30,94000.0,0.1,4700.0,49.522,157.99,49.522,42.0937,111,4672.4,17536.89,12864.49,27.6,False
E00367,2024-01-01,2025-06-30,119000.0,0.1,5950.0,49.522,157.99,49.522,42.0937,141,5935.21,22276.59,16341.38,14.79,False
E00368,2024-01-01,2025-06-30,159000.0,0.05,3975.0,49.522,157.99,49.522,42.0937,94,3956.81,14851.06,10894.25,18.19,False
E00369,2024-01-01,2025-06-30,236000.0,0.15,17700.0,49.522,157.99,49.522,42.0937,420,17679.35,66355.8,48676.45,20.65,False
E00370,2024-01-01,2025-06-30,144000.0,0.15,10800.0,49.522,157.99,49.522,42.0937,256,10775.99,40445.44,29669.45,24.01,False
E00374,2024-01-01,2025-06-30,194000.0,0.1,9700.0,49.522,157.99,49.522,42.0937,230,9681.55,36337.7,26656.15,18.45,False
E00377,2024-01-01,2025-06-30,171000.0,0.05,4275.0,49.522,157.99,49.522,42.0937,101,4251.46,15956.99,11705.53,23.54,False
E00379,2024-01-01,2025-06-30,158000.0,0.05,3950.0,49.522,157.99,49.522,42.0937,93,3914.71,14693.07,10778.36,35.29,False
E00384,2024-01-01,2025-06-30,82000.0,0.1,4100.0,49.522,157.99,49.522,42.0937,97,4083.09,15325.03,11241.94,16.91,False
E00387,2024-01-01,2025-06-30,137000.0,0.1,6850.0,49.522,157.99,49.522,42.0937,162,6819.18,25594.38,18775.2,30.82,False
E00388,2024-01-01,2025-06-30,138000.0,0.05,3450.0,49.522,157.99,49.522,42.0937,81,3409.59,12797.19,9387.6,40.41,False
E00401,2024-01-01,2025-06-30,225000.0,0.05,5625.0,49.522,157.99,49.522,42.0937,133,5598.46,21012.67,15414.21,26.54,False
E00404,2024-01-01,2025-06-30,219000.0,0.05,5475.0,49.522,157.99,49.522,42.0937,130,5472.18,20538.7,15066.52,2.82,False
E00405,2024-01-01,2025-06-30,138000.0,0.15,10350.0,49.522,157.99,49.522,42.0937,245,10312.96,38707.55,28394.59,37.04,False
E00409,2024-01-01,2025-06-30,236000.0,0.15,17700.0,49.522,157.99,49.522,42.0937,420,17679.35,66355.8,48676.45,20.65,False
E00411,2024-01-01,2025-06-30,193000.0,0.1,9650.0,49.522,157.99,49.522,42.0937,229,9639.46,36179.71,26540.25,10.54,False
E00412,2024-01-01,2025-06-30,132000.0,0.15,9900.0,49.522,157.99,49.522,42.0937,235,9892.02,37127.65,27235.63,7.98,False
E00413,2024-01-01,2025-06-30,212000.0,0.05,5300.0,49.522,157.99,49.522,42.0937,125,5261.71,19748.75,14487.04,38.29,False
E00416,2024-01-01,2025-06-30,133000.0,0.05,3325.0,49.522,157.99,49.522,42.0937,78,3283.31,12323.22,9039.91,41.69,False
E00417,2024-01-01,2025-06-30,148000.0,0.1,7400.0,49.522,157.99,49.522,42.0937,175,7366.4,27648.25,20281.85,33.6,False
E00418,2024-01-01,2025-06-30,152000.0,0.15,11400.0,49.522,157.99,49.522,42.0937,270,11365.3,42657.3,31292.0,34.7,False
E00419,2024-01-01,2025-06-30,174000.0,0.1,8700.0,49.522,157.99,49.522,42.0937,206,8671.3,32545.94,23874.64,28.7,False
E00423,2024-01-01,2025-06-30,121000.0,0.1,6050.0,49.522,157.99,49.522,42.0937,143,6019.4,22592.57,16573.17,30.6,False
E00427,2024-01-01,2025-06-30,143000.0,0.05,3575.0,49.522,157.99,49.522,42.0937,84,3535.87,13271.16,9735.29,39.13,False
E00432,2024-01-01,2025-06-30,138000.0,0.1,6900.0,49.522,157.99,49.522,42.0937,163,6861.27,25752.37,18891.1,38.73,False
E00443,2024-01-01,2025-06-30,313000.0,0.1,15650.0,49.522,157.99,49.522,42.0937,371,15616.76,58614.29,42997.53,33.24,False
E00445,2024-01-01,2025-06-30,125000.0,0.15,9375.0,49.522,157.99,49.522,42.0937,222,9344.8,35073.78,25728.98,30.2,False
E00446,2024-01-01,2025-06-30,193000.0,0.1,9650.0,49.522,157.99,49.522,42.0937,229,9639.46,36179.71,26540.25,10.54,False
E00447,2024-01-01,2025-06-30,148000.0,0.1,7400.0,49.522,157.99,49.522,42.0937,175,7366.4,27648.25,20281.85,33.6,False
E00449,2024-01-01,2025-06-30,149000.0,0.15,11175.0,49.522,157.99,49.522,42.0937,265,11154.83,41867.35,30712.52,20.17,False
E00450,2024-01-01,2025-06-30,99000.0,0.1,4950.0,49.522,157.99,49.522,42.0937,117,4924.96,18484.83,13559.87,25.04,False
E00452,2024-01-01,2025-06-30,136000.0,0.1,6800.0,49.522,157.99,49.522,42.0937,161,6777.09,25436.39,18659.3,22.91,False
E00455,2024-01-01,2025-06-30,131000.0,0.05,3275.0,49.522,157.99,49.522,42.0937,77,3241.21,12165.23,8924.02,33.79,False
E00459,2024-01-01,2025-06-30,135000.0,0.1,6750.0,49.522,157.99,49.522,42.0937,160,6734.99,25278.4,18543.41,15.01,False
E00464,2024-01-01,2025-06-30,101000.0,0.05,2525.0,49.522,157.99,49.522,42.0937,59,2483.53,9321.41,6837.88,41.47,False
E00469,2024-01-01,2025-06-30,108000.0,0.1,5400.0,49.522,157.99,49.522,42.0937,128,5387.99,20222.72,14834.73,12.01,False
E00471,2024-01-01,2025-06-30,136000.0,0.05,3400.0,49.522,157.99,49.522,42.0937,80,3367.5,12639.2,9271.7,32.5,False
E00473,2024-01-01,2025-06-30,290000.0,0.05,7250.0,49.522,157.99,49.522,42.0937,172,7240.12,27174.28,19934.16,9.88,False
E00480,2024-01-01,2025-06-30,178000.0,0.1,8900.0,49.522,157.99,49.522,42.0937,211,8881.77,33335.89,24454.12,18.23,False
E00487,2024-01-01,2025-06-30,159000.0,0.1,7950.0,49.522,157.99,49.522,42.0937,188,7913.62,29702.12,21788.5,36.38,False
E00492,2024-01-01,2025-06-30,240000.0,0.15,18000.0,49.522,157.99,49.522,42.0937,427,17974.01,67461.73,49487.72,25.99,False
E00493,2024-01-01,2025-06-30,92000.0,0.1,4600.0,49.522,157.99,49.522,42.0937,109,4588.21,17220.91,12632.7,11.79,False
E00004,2024-01-01,2025-12-31,196000.0,0.1,9800.0,49.522,186.5,49.522,42.0937,232,9765.74,43268.0,33502.26,34.26,False
E00012,2024-01-01,2025-12-31,104000.0,0.15,7800.0,49.522,186.5,49.522,42.0937,185,7787.33,34502.5,26715.17,12.67,False
E00013,2024-01-01,2025-12-31,176000.0,0.15,13200.0,49.522,186.5,49.522,42.0937,191,8039.9,35621.5,27581.6,5160.1,True
E00015,2024-01-01,2025-12-31,138000.0,0.1,6900.0,49.522,186.5,49.522,42.0937,163,6861.27,30399.5,23538.23,38.73,False
E00017,2024-01-01,2025-12-31,183000.0,0.05,4575.0,49.522,186.5,49.522,42.0937,108,4546.12,20142.0,15595.88,28.88,False
E00023,2024-01-01,2025-12-31,151000.0,0.05,3775.0,49.522,186.5,49.522,42.0937,89,3746.34,16598.5,12852.16,28.66,False
E00030,2024-01-01,2025-12-31,137000.0,0.1,6850.0,49.522,186.5,49.522,42.0937,162,6819.18,30213.0,23393.82,30.82,False
E00031,2024-01-01,2025-12-31,168000.0,0.1,8400.0,49.522,186.5,49.522,42.0937,199,8376.65,37113.5,28736.85,23.35,False
E00039,2024-01-01,2025-12-31,86000.0,0.15,6450.0,49.522,186.5,49.522,42.0937,153,6440.34,28534.5,22094.16,9.66,False
E00041,2024-01-01,2025-12-31,191000.0,0.05,4775.0,49.522,186.5,49.522,42.0937,113,4756.59,21074.5,16317.91,18.41,False
E00042,2024-01-01,2025-12-31,245000.0,0.05,6125.0,49.522,186.5,49.522,42.0937,145,6103.59,27042.5,20938.91,21.41,False
E00045,2024-01-01,2025-12-31,132000.0,0.05,3300.0,49.522,186.5,49.522,42.0937,78,3283.31,14547.0,11263.69,16.69,False
E00052,2024-01-01,2025-12-31,324000.0,0.1,16200.0,49.522,186.5,49.522,42.0937,120,5051.24,22380.0,17328.76,11148.76,True
E00053,2024-01-01,2025-12-31,147000.0,0.1,7350.0,49.522,186.5,49.522,42.0937,174,7324.3,32451.0,25126.7,25.7,False
E00062,2024-01-01,2025-12-31,168000.0,0.05,4200.0,49.522,186.5,49.522,42.0937,99,4167.28,18463.5,14296.22,32.72,False
E00067,2024-01-01,2025-12-31,168000.0,0.1,8400.0,49.522,186.5,49.522,42.0937,199,8376.65,37113.5,28736.85,23.35,False
E00073,2024-01-01,2025-12-31,85000.0,0.05,2125.0,49.522,186.5,49.522,42.0937,50,2104.68,9325.0,7220.32,20.32,False
E00075,2024-01-01,2025-12-31,305000.0,0.05,7625.0,49.522,186.5,49.522,42.0937,181,7618.96,33756.5,26137.54,6.04,False
E00078,2024-01-01,2025-12-31,132000.0,0.1,6600.0,49.522,186.5,49.522,42.0937,156,6566.62,29094.0,22527.38,33.38,False
E00083,2024-01-01,2025-12-31,91000.0,0.1,4550.0,49.522,186.5,49.522,42.0937,108,4546.12,20142.0,15595.88,3.88,False
E00094,2024-01-01,2025-12-31,173000.0,0.1,8650.0,49.522,186.5,49.522,42.0937,205,8629.21,38232.5,29603.29,20.79,False
E00097,2024-01-01,2025-12-31,111000.0,0.1,5550.0,49.522,186.5,49.522,42.0937,131,5514.27,24431.5,18917.23,35.73,False
E00098,2024-01-01,2025-12-31,155000.0,0.15,11625.0,49.522,186.5,49.522,42.0937,228,9597.36,42522.0,32924.64,2027.64,True
E00099,2024-01-01,2025-12-31,100000.0,0.05,2500.0,49.522,186.5,49.522,42.0937,59,2483.53,11003.5,8519.97,16.47,False
E00102,2024-01-01,2025-12-31,152000.0,0.05,3800.0,49.522,186.5,49.522,42.0937,90,3788.43,16785.0,12996.57,11.57,False
E00106,2024-01-01,2025-12-31,127000.0,0.1,6350.0,49.522,186.5,49.522,42.0937,150,6314.05,27975.0,21660.95,35.95,False
E00111,2024-01-01,2025-12-31,100000.0,0.05,2500.0,49.522,186.5,49.522,42.0937,59,2483.53,11003.5,8519.97,16.47,False
E00112,2024-01-01,2025-12-31,134000.0,0.1,6700.0,49.522,186.5,49.522,42.0937,159,6692.9,29653.5,22960.6,7.1,False
E00115,2024-01-01,2025-12-31,131000.0,0.1,6550.0,49.522,186.5,49.522,42.0937,155,6524.52,28907.5,22382.98,25.48,False
E00116,2024-01-01,2025-12-31,282000.0,0.05,7050.0,49.522,186.5,49.522,42.0937,167,7029.65,31145.5,24115.85,20.35,False
E00118,2024-01-01,2025-12-31,95000.0,0.1,4750.0,49.522,186.5,49.522,42.0937,112,4714.49,20888.0,16173.51,35.51,False
E00120,2024-01-01,2025-12-31,170000.0,0.05,4250.0,49.522,186.5,49.522,42.0937,100,4209.37,18650.0,14440.63,40.63,False
E00122,2024-01-01,2025-12-31,133000.0,0.1,6650.0,49.522,186.5,49.522,42.0937,157,6608.71,29280.5,22671.79,41.29,False
E00129,2024-01-01,2025-12-31,120000.0,0.15,9000.0,49.522,186.5,49.522,42.0937,213,8965.96,39724.5,30758.54,34.04,False
E00131,2024-01-01,2025-12-31,91000.0,0.05,2275.0,49.522,186.5,49.522,42.0937,54,2273.06,10071.0,7797.94,1.94,False
E00138,2024-01-01,2025-12-31,194000.0,0.1,9700.0,49.522,186.5,49.522,42.0937,230,9681.55,42895.0,33213.45,18.45,False
E00141,2024-01-01,2025-12-31,242000.0,0.05,6050.0,49.522,186.5,49.522,42.0937,143,6019.4,26669.5,20650.1,30.6,False
E00144,2024-01-01,2025-12-31,134000.0,0.1,6700.0,49.522,186.5,49.522,42.0937,159,6692.9,29653.5,22960.6,7.1,False
E00148,2024-01-01,2025-12-31,93000.0,0.05,2325.0,49.522,186.5,49.522,42.0937,55,2315.15,10257.5,7942.35,9.85,False
E00149,2024-01-01,2025-12-31,341000.0,0.15,25575.0,49.522,186.5,49.522,42.0937,0,0.0,0.0,0.0,25575.0,True
E00151,2024-01-01,2025-12-31,128000.0,0.05,3200.0,49.522,186.5,49.522,42.0937,76,3199.12,14174.0,10974.88,0.88,False
E00152,2024-01-01,2025-12-31,115000.0,0.05,2875.0,49.522,186.5,49.522,42.0937,68,2862.37,12682.0,9819.63,12.63,False
E00155,2024-01-01,2025-12-31,129000.0,0.1,6450.0,49.522,186.5,49.522,42.0937,153,6440.34,28534.5,22094.16,9.66,False
E00158,2024-01-01,2025-12-31,146000.0,0.15,10950.0,49.522,186.5,49.522,42.0937,244,10270.86,45506.0,35235.14,679.14,True
E00161,2024-01-01,2025-12-31,116000.0,0.15,8700.0,49.522,186.5,49.522,42.0937,206,8671.3,38419.0,29747.7,28.7,False
E00165,2024-01-01,2025-12-31,194000.0,0.15,14550.0,49.522,186.5,49.522,42.0937,159,6692.9,29653.5,22960.6,7857.1,True
E00168,2024-01-01,2025-12-31,183000.0,0.1,9150.0,49.522,186.5,49.522,42.0937,217,9134.33,40470.5,31336.17,15.67,False
E00170,2024-01-01,2025-12-31,95000.0,0.15,7125.0,49.522,186.5,49.522,42.0937,169,7113.84,31518.5,24404.66,11.16,False
E00171,2024-01-01,2025-12-31,162000.0,0.15,12150.0,49.522,186.5,49.522,42.0937,216,9092.24,40284.0,31191.76,3057.76,True
E00177,2024-01-01,2025-12-31,363000.0,0.05,9075.0,49.522,186.5,49.522,42.0937,215,9050.15,40097.5,31047.35,24.85,False
E00179,2024-01-01,2025-12-31,128000.0,0.05,3200.0,49.522,186.5,49.522,42.0937,76,3199.12,14174.0,10974.88,0.88,False
E00180,2024-01-01,2025-12-31,238000.0,0.05,5950.0,49.522,186.5,49.522,42.0937,141,5935.21,26296.5,20361.29,14.79,False
E00185,2024-01-01,2025-12-31,100000.0,0.15,7500.0,49.522,186.5,49.522,42.0937,178,7492.68,33197.0,25704.32,7.32,False
E00188,2024-01-01,2025-12-31,82000.0,0.05,2050.0,49.522,186.5,49.522,42.0937,48,2020.5,8952.0,6931.5,29.5,False
E00191,2024-01-01,2025-12-31,117000.0,0.1,5850.0,49.522,186.5,49.522,42.0937,138,5808.93,25737.0,19928.07,41.07,False
E00197,2024-01-01,2025-12-31,103000.0,0.05,2575.0,49.522,186.5,49.522,42.0937,61,2567.72,11376.5,8808.78,7.28,False
E00203,2024-01-01,2025-12-31,131000.0,0.15,9825.0,49.522,186.5,49.522,42.0937,233,9807.83,43454.5,33646.67,17.17,False
E00206,2024-01-01,2025-12-31,94000.0,0.05,2350.0,49.522,186.5,49.522,42.0937,55,2315.15,10257.5,7942.35,34.85,False
E00210,2024-01-01,2025-12-31,221000.0,0.1,11050.0,49.522,186.5,49.522,42.0937,242,10186.68,45133.0,34946.32,863.32,True
E00213,2024-01-01,2025-12-31,176000.0,0.1,8800.0,49.522,186.5,49.522,42.0937,209,8797.58,38978.5,30180.92,2.42,False
E00214,2024-01-01,2025-12-31,90000.0,0.15,6750.0,49.522,186.5,49.522,42.0937,160,6734.99,29840.0,23105.01,15.01,False
E00217,2024-01-01,2025-12-31,187000.0,0.1,9350.0,49.522,186.5,49.522,42.0937,222,9344.8,41403.0,32058.2,5.2,False
E00219,2024-01-01,2025-12-31,128000.0,0.1,6400.0,49.522,186.5,49.522,42.0937,152,6398.24,28348.0,21949.76,1.76,False
E00231,2024-01-01,2025-12-31,252000.0,0.1,12600.0,49.522,186.5,49.522,42.0937,205,8629.21,38232.5,29603.29,3970.79,True
E00233,2024-01-01,2025-12-31,135000.0,0.15,10125.0,49.522,186.5,49.522,42.0937,240,10102.49,44760.0,34657.51,22.51,False
E00236,2024-01-01,2025-12-31,120000.0,0.15,9000.0,49.522,186.5,49.522,42.0937,213,8965.96,39724.5,30758.54,34.04,False
E00239,2024-01-01,2025-12-31,154000.0,0.1,7700.0,49.522,186.5,49.522,42.0937,182,7661.05,33943.0,26281.95,38.95,False
E00240,2024-01-01,2025-12-31,122000.0,0.15,9150.0,49.522,186.5,49.522,42.0937,217,9134.33,40470.5,31336.17,15.67,False
E00248,2024-01-01,2025-12-31,162000.0,0.1,8100.0,49.522,186.5,49.522,42.0937,192,8081.99,35808.0,27726.01,18.01,False
E00254,2024-01-01,2025-12-31,115000.0,0.1,5750.0,49.522,186.5,49.522,42.0937,136,5724.74,25364.0,19639.26,25.26,False
E00264,2024-01-01,2025-12-31,164000.0,0.15,12300.0,49.522,186.5,49.522,42.0937,212,8923.86,39538.0,30614.14,3376.14,True
E00268,2024-01-01,2025-12-31,136000.0,0.05,3400.0,49.522,186.5,49.522,42.0937,80,3367.5,14920.0,11552.5,32.5,False
E00271,2024-01-01,2025-12-31,87000.0,0.15,6525.0,49.522,186.5,49.522,42.0937,155,6524.52,28907.5,22382.98,0.48,False
E00272,2024-01-01,2025-12-31,99000.0,0.1,4950.0,49.522,186.5,49.522,42.0937,117,4924.96,21820.5,16895.54,25.04,False
E00274,2024-01-01,2025-12-31,225000.0,0.05,5625.0,49.522,186.5,49.522,42.0937,133,5598.46,24804.5,19206.04,26.54,False
E00278,2024-01-01,2025-12-31,114000.0,0.1,5700.0,49.522,186.5,49.522,42.0937,135,5682.65,25177.5,19494.85,17.35,False
E00281,2024-01-01,2025-12-31,138000.0,0.05,3450.0,49.522,186.5,49.522,42.0937,81,3409.59,15106.5,11696.91,40.41,False
E00285,2024-01-01,2025-12-31,153000.0,0.05,3825.0,49.522,186.5,49.522,42.0937,90,3788.43,16785.0,12996.57,36.57,False
E00287,2024-01-01,2025-12-31,134000.0,0.15,10050.0,49.522,186.5,49.522,42.0937,238,10018.3,44387.0,34368.7,31.7,False
E00288,2024-01-01,2025-12-31,302000.0,0.05,7550.0,49.522,186.5,49.522,42.0937,179,7534.77,33383.5,25848.73,15.23,False
E00298,2024-01-01,2025-12-31,124000.0,0.1,6200.0,49.522,186.5,49.522,42.0937,147,6187.77,27415.5,21227.73,12.23,False
E00299,2024-01-01,2025-12-31,142000.0,0.05,3550.0,49.522,186.5,49.522,42.0937,84,3535.87,15666.0,12130.13,14.13,False
E00301,2024-01-01,2025-12-31,117000.0,0.1,5850.0,49.522,186.5,49.522,42.0937,138,5808.93,25737.0,19928.07,41.07,False
E00308,2024-01-01,2025-12-31,205000.0,0.05,5125.0,49.522,186.5,49.522,42.0937,121,5093.34,22566.5,17473.16,31.66,False
E00309,2024-01-01,2025-12-31,139000.0,0.05,3475.0,49.522,186.5,49.522,42.0937,82,3451.68,15293.0,11841.32,23.32,False
E00320,2024-01-01,2025-12-31,260000.0,0.05,6500.0,49.522,186.5,49.522,42.0937,154,6482.43,28721.0,22238.57,17.57,False
E00323,2024-01-01,2025-12-31,150000.0,0.1,7500.0,49.522,186.5,49.522,42.0937,178,7492.68,33197.0,25704.32,7.32,False
E00326,2024-01-01,2025-12-31,191000.0,0.15,14325.0,49.522,186.5,49.522,42.0937,164,6903.37,30586.0,23682.63,7421.63,True
E00329,2024-01-01,2025-12-31,152000.0,0.05,3800.0,49.522,186.5,49.522,42.0937,90,3788.43,16785.0,12996.57,11.57,False
E00331,2024-01-01,2025-12-31,114000.0,0.05,2850.0,49.522,186.5,49.522,42.0937,67,2820.28,12495.5,9675.22,29.72,False
E00335,2024-01-01,2025-12-31,176000.0,0.1,8800.0,49.522,186.5,49.522,42.0937,209,8797.58,38978.5,30180.92,2.42,False
E00336,2024-01-01,2025-12-31,199000.0,0.15,14925.0,49.522,186.5,49.522,42.0937,150,6314.05,27975.0,21660.95,8610.95,True
E00338,2024-01-01,2025-12-31,311000.0,0.15,23325.0,49.522,186.5,49.522,42.0937,0,0.0,0.0,0.0,23325.0,True
E00339,2024-01-01,2025-12-31,149000.0,0.15,11175.0,49.522,186.5,49.522,42.0937,239,10060.39,44573.5,34513.11,1114.61,True
E00347,2024-01-01,2025-12-31,121000.0,0.05,3025.0,49.522,186.5,49.522,42.0937,71,2988.65,13241.5,10252.85,36.35,False
E00352,2024-01-01,2025-12-31,194000.0,0.1,9700.0,49.522,186.5,49.522,42.0937,230,9681.55,42895.0,33213.45,18.45,False
E00353,2024-01-01,2025-12-31,89000.0,0.05,2225.0,49.522,186.5,49.522,42.0937,52,2188.87,9698.0,7509.13,36.13,False
E00361,2024-01-01,2025-12-31,172000.0,0.15,12900.0,49.522,186.5,49.522,42.0937,198,8334.55,36927.0,28592.45,4565.45,True
E00367,2024-01-01,2025-12-31,119000.0,0.1,5950.0,49.522,186.5,49.522,42.0937,141,5935.21,26296.5,20361.29,14.79,False
E00368,2024-01-01,2025-12-31,159000.0,0.05,3975.0,49.522,186.5,49.522,42.0937,94,3956.81,17531.0,13574.19,18.19,False
E00369,2024-01-01,2025-12-31,236000.0,0.15,17700.0,49.522,186.5,49.522,42.0937,84,3535.87,15666.0,12130.13,14164.13,True
E00370,2024-01-01,2025-12-31,144000.0,0.15,10800.0,49.522,186.5,49.522,42.0937,248,10439.24,46252.0,35812.76,360.76,True
E00374,2024-01-01,2025-12-31,194000.0,0.1,9700.0,49.522,186.5,49.522,42.0937,230,9681.55,42895.0,33213.45,18.45,False
E00377,2024-01-01,2025-12-31,171000.0,0.05,4275.0,49.522,186.5,49.522,42.0937,101,4251.46,18836.5,14585.04,23.54,False
E00379,2024-01-01,2025-12-31,158000.0,0.05,3950.0,49.522,186.5,49.522,42.0937,93,3914.71,17344.5,13429.79,35.29,False
E00384,2024-01-01,2025-12-31,82000.0,0.1,4100.0,49.522,186.5,49.522,42.0937,97,4083.09,18090.5,14007.41,16.91,False
E00387,2024-01-01,2025-12-31,137000.0,0.1,6850.0,49.522,186.5,49.522,42.0937,162,6819.18,30213.0,23393.82,30.82,False
E00388,2024-01-01,2025-12-31,138000.0,0.05,3450.0,49.522,186.5,49.522,42.0937,81,3409.59,15106.5,11696.91,40.41,False
E00401,2024-01-01,2025-12-31,225000.0,0.05,5625.0,49.522,186.5,49.522,42.0937,133,5598.46,24804.5,19206.04,26.54,False
E00404,2024-01-01,2025-12-31,219000.0,0.05,5475.0,49.522,186.5,49.522,42.0937,130,5472.18,24245.0,18772.82,2.82,False
E00405,2024-01-01,2025-12-31,138000.0,0.15,10350.0,49.522,186.5,49.522,42.0937,245,10312.96,45692.5,35379.54,37.04,False
E00409,2024-01-01,2025-12-31,236000.0,0.15,17700.0,49.522,186.5,49.522,42.0937,84,3535.87,15666.0,12130.13,14164.13,True
E00411,2024-01-01,2025-12-31,193000.0,0.1,9650.0,49.522,186.5,49.522,42.0937,229,9639.46,42708.5,33069.04,10.54,False
E00412,2024-01-01,2025-12-31,132000.0,0.15,9900.0,49.522,186.5,49.522,42.0937,235,9892.02,43827.5,33935.48,7.98,False
E00413,2024-01-01,2025-12-31,212000.0,0.05,5300.0,49.522,186.5,49.522,42.0937,125,5261.71,23312.5,18050.79,38.29,False
E00416,2024-01-01,2025-12-31,133000.0,0.05,3325.0,49.522,186.5,49.522,42.0937,78,3283.31,14547.0,11263.69,41.69,False
E00417,2024-01-01,2025-12-31,148000.0,0.1,7400.0,49.522,186.5,49.522,42.0937,175,7366.4,32637.5,25271.1,33.6,False
E00418,2024-01-01,2025-12-31,152000.0,0.15,11400.0,49.522,186.5,49.522,42.0937,234,9849.93,43641.0,33791.07,1550.07,True
E00423,2024-01-01,2025-12-31,121000.0,0.1,6050.0,49.522,186.5,49.522,42.0937,143,6019.4,26669.5,20650.1,30.6,False
E00427,2024-01-01,2025-12-31,143000.0,0.05,3575.0,49.522,186.5,49.522,42.0937,84,3535.87,15666.0,12130.13,39.13,False
E00432,2024-01-01,2025-12-31,138000.0,0.1,6900.0,49.522,186.5,49.522,42.0937,163,6861.27,30399.5,23538.23,38.73,False
E00443,2024-01-01,2025-12-31,313000.0,0.1,15650.0,49.522,186.5,49.522,42.0937,133,5598.46,24804.5,19206.04,10051.54,True
E00445,2024-01-01,2025-12-31,125000.0,0.15,9375.0,49.522,186.5,49.522,42.0937,222,9344.8,41403.0,32058.2,30.2,False
E00446,2024-01-01,2025-12-31,193000.0,0.1,9650.0,49.522,186.5,49.522,42.0937,229,9639.46,42708.5,33069.04,10.54,False
E00447,2024-01-01,2025-12-31,148000.0,0.1,7400.0,49.522,186.5,49.522,42.0937,175,7366.4,32637.5,25271.1,33.6,False
E00449,2024-01-01,2025-12-31,149000.0,0.15,11175.0,49.522,186.5,49.522,42.0937,239,10060.39,44573.5,34513.11,1114.61,True
E00450,2024-01-01,2025-12-31,99000.0,0.1,4950.0,49.522,186.5,49.522,42.0937,117,4924.96,21820.5,16895.54,25.04,False
E00455,2024-01-01,2025-12-31,131000.0,0.05,3275.0,49.522,186.5,49.522,42.0937,77,3241.21,14360.5,11119.29,33.79,False
E00459,2024-01-01,2025-12-31,135000.0,0.1,6750.0,49.522,186.5,49.522,42.0937,160,6734.99,29840.0,23105.01,15.01,False
E00464,2024-01-01,2025-12-31,101000.0,0.05,2525.0,49.522,186.5,49.522,42.0937,59,2483.53,11003.5,8519.97,41.47,False
E00469,2024-01-01,2025-12-31,108000.0,0.1,5400.0,49.522,186.5,49.522,42.0937,128,5387.99,23872.0,18484.01,12.01,False
E00471,2024-01-01,2025-12-31,136000.0,0.05,3400.0,49.522,186.5,49.522,42.0937,80,3367.5,14920.0,11552.5,32.5,False
E00473,2024-01-01,2025-12-31,290000.0,0.05,7250.0,49.522,186.5,49.522,42.0937,172,7240.12,32078.0,24837.88,9.88,False
E00480,2024-01-01,2025-12-31,178000.0,0.1,8900.0,49.522,186.5,49.522,42.0937,211,8881.77,39351.5,30469.73,18.23,False
E00487,2024-01-01,2025-12-31,159000.0,0.1,7950.0,49.522,186.5,49.522,42.0937,188,7913.62,35062.0,27148.38,36.38,False
E00492,2024-01-01,2025-12-31,240000.0,0.15,18000.0,49.522,186.5,49.522,42.0937,77,3241.21,14360.5,11119.29,14758.79,True
E00493,2024-01-01,2025-12-31,92000.0,0.1,4600.0,49.522,186.5,49.522,42.0937,109,4588.21,20328.5,15740.29,11.79,False
E00005,2026-01-01,2026-06-30,237000.0,0.1,11850.0,186.5,200.09,186.5,158.525,74,11730.85,14806.66,3075.81,119.15,False
E00006,2026-01-01,2026-06-30,111000.0,0.1,5550.0,186.5,200.09,186.5,158.525,35,5548.38,7003.15,1454.77,1.62,False
E00007,2026-01-01,2026-06-30,132000.0,0.05,3300.0,186.5,200.09,186.5,158.525,20,3170.5,4001.8,831.3,129.5,False
E00016,2026-01-01,2026-06-30,86000.0,0.1,4300.0,186.5,200.09,186.5,158.525,27,4280.18,5402.43,1122.25,19.82,False
E00017,2026-01-01,2026-06-30,183000.0,0.1,9150.0,186.5,200.09,186.5,158.525,57,9035.93,11405.13,2369.2,114.07,False
E00019,2026-01-01,2026-06-30,194000.0,0.05,4850.0,186.5,200.09,186.5,158.525,30,4755.75,6002.7,1246.95,94.25,False
E00022,2026-01-01,2026-06-30,161000.0,0.05,4025.0,186.5,200.09,186.5,158.525,25,3963.12,5002.25,1039.13,61.88,False
E00026,2026-01-01,2026-06-30,168000.0,0.05,4200.0,186.5,200.09,186.5,158.525,26,4121.65,5202.34,1080.69,78.35,False
E00027,2026-01-01,2026-06-30,139000.0,0.15,10425.0,186.5,200.09,186.5,158.525,65,10304.12,13005.85,2701.73,120.88,False
E00029,2026-01-01,2026-06-30,315000.0,0.15,23625.0,186.5,200.09,186.5,158.525,134,21242.35,26812.06,5569.71,2382.65,True
E00030,2026-01-01,2026-06-30,137000.0,0.1,6850.0,186.5,200.09,186.5,158.525,43,6816.57,8603.87,1787.3,33.43,False
E00032,2026-01-01,2026-06-30,124000.0,0.05,3100.0,186.5,200.09,186.5,158.525,19,3011.97,3801.71,789.74,88.03,False
E00033,2026-01-01,2026-06-30,282000.0,0.1,14100.0,186.5,200.09,186.5,158.525,88,13950.2,17607.92,3657.72,149.8,False
E00039,2026-01-01,2026-06-30,86000.0,0.05,2150.0,186.5,200.09,186.5,158.525,13,2060.83,2601.17,540.34,89.17,False
E00041,2026-01-01,2026-06-30,191000.0,0.15,14325.0,186.5,200.09,186.5,158.525,90,14267.25,18008.1,3740.85,57.75,False
E00045,2026-01-01,2026-06-30,132000.0,0.1,6600.0,186.5,200.09,186.5,158.525,41,6499.53,8203.69,1704.16,100.47,False
E00047,2026-01-01,2026-06-30,144000.0,0.1,7200.0,186.5,200.09,186.5,158.525,45,7133.62,9004.05,1870.43,66.38,False
E00052,2026-01-01,2026-06-30,324000.0,0.05,8100.0,186.5,200.09,186.5,158.525,51,8084.78,10204.59,2119.81,15.22,False
E00055,2026-01-01,2026-06-30,165000.0,0.1,8250.0,186.5,200.09,186.5,158.525,52,8243.3,10404.68,2161.38,6.7,False
E00056,2026-01-01,2026-06-30,162000.0,0.05,4050.0,186.5,200.09,186.5,158.525,25,3963.12,5002.25,1039.13,86.88,False
E00058,2026-01-01,2026-06-30,209000.0,0.15,15675.0,186.5,200.09,186.5,158.525,98,15535.45,19608.82,4073.37,139.55,False
E00062,2026-01-01,2026-06-30,168000.0,0.05,4200.0,186.5,200.09,186.5,158.525,26,4121.65,5202.34,1080.69,78.35,False
E00067,2026-01-01,2026-06-30,168000.0,0.15,12600.0,186.5,200.09,186.5,158.525,79,12523.48,15807.11,3283.63,76.52,False
E00068,2026-01-01,2026-06-30,166000.0,0.15,12450.0,186.5,200.09,186.5,158.525,78,12364.95,15607.02,3242.07,85.05,False
E00069,2026-01-01,2026-06-30,194000.0,0.05,4850.0,186.5,200.09,186.5,158.525,30,4755.75,6002.7,1246.95,94.25,False
E00071,2026-01-01,2026-06-30,150000.0,0.05,3750.0,186.5,200.09,186.5,158.525,23,3646.08,4602.07,955.99,103.92,False
E00072,2026-01-01,2026-06-30,113000.0,0.05,2825.0,186.5,200.09,186.5,158.525,17,2694.93,3401.53,706.6,130.07,False
E00073,2026-01-01,2026-06-30,85000.0,0.15,6375.0,186.5,200.09,186.5,158.525,40,6341.0,8003.6,1662.6,34.0,False
E00074,2026-01-01,2026-06-30,318000.0,0.1,15900.0,186.5,200.09,186.5,158.525,100,15852.5,20009.0,4156.5,47.5,False
E00076,2026-01-01,2026-06-30,103000.0,0.05,2575.0,186.5,200.09,186.5,158.525,16,2536.4,3201.44,665.04,38.6,False
E00080,2026-01-01,2026-06-30,169000.0,0.15,12675.0,186.5,200.09,186.5,158.525,79,12523.48,15807.11,3283.63,151.52,False
E00081,2026-01-01,2026-06-30,137000.0,0.1,6850.0,186.5,200.09,186.5,158.525,43,6816.57,8603.87,1787.3,33.43,False
E00083,2026-01-01,2026-06-30,91000.0,0.15,6825.0,186.5,200.09,186.5,158.525,43,6816.57,8603.87,1787.3,8.43,False
E00085,2026-01-01,2026-06-30,113000.0,0.15,8475.0,186.5,200.09,186.5,158.525,53,8401.83,10604.77,2202.94,73.17,False
E00086,2026-01-01,2026-06-30,186000.0,0.1,9300.0,186.5,200.09,186.5,158.525,58,9194.45,11605.22,2410.77,105.55,False
E00087,2026-01-01,2026-06-30,90000.0,0.05,2250.0,186.5,200.09,186.5,158.525,14,2219.35,2801.26,581.91,30.65,False
E00090,2026-01-01,2026-06-30,137000.0,0.05,3425.0,186.5,200.09,186.5,158.525,21,3329.03,4201.89,872.86,95.97,False
E00091,2026-01-01,2026-06-30,190000.0,0.05,4750.0,186.5,200.09,186.5,158.525,29,4597.23,5802.61,1205.38,152.77,False
E00094,2026-01-01,2026-06-30,173000.0,0.15,12975.0,186.5,200.09,186.5,158.525,81,12840.52,16207.29,3366.77,134.48,False
E00095,2026-01-01,2026-06-30,106000.0,0.1,5300.0,186.5,200.09,186.5,158.525,33,5231.32,6602.97,1371.65,68.68,False
E00096,2026-01-01,2026-06-30,80000.0,0.1,4000.0,186.5,200.09,186.5,158.525,25,3963.12,5002.25,1039.13,36.88,False
E00100,2026-01-01,2026-06-30,269000.0,0.05,6725.0,186.5,200.09,186.5,158.525,42,6658.05,8403.78,1745.73,66.95,False
E00105,2026-01-01,2026-06-30,156000.0,0.1,7800.0,186.5,200.09,186.5,158.525,49,7767.73,9804.41,2036.68,32.27,False
E00110,2026-01-01,2026-06-30,142000.0,0.05,3550.0,186.5,200.09,186.5,158.525,22,3487.55,4401.98,914.43,62.45,False
E00112,2026-01-01,2026-06-30,134000.0,0.05,3350.0,186.5,200.09,186.5,158.525,21,3329.03,4201.89,872.86,20.97,False
E00113,2026-01-01,2026-06-30,121000.0,0.15,9075.0,186.5,200.09,186.5,158.525,57,9035.93,11405.13,2369.2,39.07,False
E00116,2026-01-01,2026-06-30,282000.0,0.05,7050.0,186.5,200.09,186.5,158.525,44,6975.1,8803.96,1828.86,74.9,False
E00117,2026-01-01,2026-06-30,180000.0,0.05,4500.0,186.5,200.09,186.5,158.525,28,4438.7,5602.52,1163.82,61.3,False
E00121,2026-01-01,2026-06-30,84000.0,0.05,2100.0,186.5,200.09,186.5,158.525,13,2060.83,2601.17,540.34,39.17,False
E00122,2026-01-01,2026-06-30,133000.0,0.15,9975.0,186.5,200.09,186.5,158.525,62,9828.55,12405.58,2577.03,146.45,False
E00124,2026-01-01,2026-06-30,153000.0,0.15,11475.0,186.5,200.09,186.5,158.525,72,11413.8,14406.48,2992.68,61.2,False
E00125,2026-01-01,2026-06-30,144000.0,0.1,7200.0,186.5,200.09,186.5,158.525,45,7133.62,9004.05,1870.43,66.38,False
E00129,2026-01-01,2026-06-30,120000.0,0.05,3000.0,186.5,200.09,186.5,158.525,18,2853.45,3601.62,748.17,146.55,False
E00132,2026-01-01,2026-06-30,81000.0,0.1,4050.0,186.5,200.09,186.5,158.525,25,3963.12,5002.25,1039.13,86.88,False
E00134,2026-01-01,2026-06-30,127000.0,0.05,3175.0,186.5,200.09,186.5,158.525,20,3170.5,4001.8,831.3,4.5,False
E00135,2026-01-01,2026-06-30,109000.0,0.1,5450.0,186.5,200.09,186.5,158.525,34,5389.85,6803.06,1413.21,60.15,False
E00136,2026-01-01,2026-06-30,155000.0,0.05,3875.0,186.5,200.09,186.5,158.525,24,3804.6,4802.16,997.56,70.4,False
E00138,2026-01-01,2026-06-30,194000.0,0.1,9700.0,186.5,200.09,186.5,158.525,61,9670.02,12205.49,2535.47,29.98,False
E00139,2026-01-01,2026-06-30,292000.0,0.1,14600.0,186.5,200.09,186.5,158.525,92,14584.3,18408.28,3823.98,15.7,False
E00140,2026-01-01,2026-06-30,248000.0,0.1,12400.0,186.5,200.09,186.5,158.525,78,12364.95,15607.02,3242.07,35.05,False
E00141,2026-01-01,2026-06-30,242000.0,0.15,18150.0,186.5,200.09,186.5,158.525,114,18071.85,22810.26,4738.41,78.15,False
E00143,2026-01-01,2026-06-30,101000.0,0.05,2525.0,186.5,200.09,186.5,158.525,15,2377.88,3001.35,623.47,147.12,False
E00144,2026-01-01,2026-06-30,134000.0,0.1,6700.0,186.5,200.09,186.5,158.525,42,6658.05,8403.78,1745.73,41.95,False
E00146,2026-01-01,2026-06-30,219000.0,0.15,16425.0,186.5,200.09,186.5,158.525,103,16328.08,20609.27,4281.19,96.92,False
E00149,2026-01-01,2026-06-30,341000.0,0.15,25575.0,186.5,200.09,186.5,158.525,134,21242.35,26812.06,5569.71,4332.65,True
E00150,2026-01-01,2026-06-30,178000.0,0.1,8900.0,186.5,200.09,186.5,158.525,56,8877.4,11205.04,2327.64,22.6,False
E00151,2026-01-01,2026-06-30,128000.0,0.15,9600.0,186.5,200.09,186.5,158.525,60,9511.5,12005.4,2493.9,88.5,False
E00155,2026-01-01,2026-06-30,129000.0,0.15,9675.0,186.5,200.09,186.5,158.525,61,9670.02,12205.49,2535.47,4.98,False
E00156,2026-01-01,2026-06-30,284000.0,0.1,14200.0,186.5,200.09,186.5,158.525,89,14108.73,17808.01,3699.28,91.27,False
E00158,2026-01-01,2026-06-30,146000.0,0.1,7300.0,186.5,200.09,186.5,158.525,46,7292.15,9204.14,1911.99,7.85,False
E00161,2026-01-01,2026-06-30,116000.0,0.05,2900.0,186.5,200.09,186.5,158.525,18,2853.45,3601.62,748.17,46.55,False
E00162,2026-01-01,2026-06-30,211000.0,0.05,5275.0,186.5,200.09,186.5,158.525,33,5231.32,6602.97,1371.65,43.68,False
E00165,2026-01-01,2026-06-30,194000.0,0.1,9700.0,186.5,200.09,186.5,158.525,61,9670.02,12205.49,2535.47,29.98,False
E00166,2026-01-01,2026-06-30,157000.0,0.1,7850.0,186.5,200.09,186.5,158.525,49,7767.73,9804.41,2036.68,82.27,False
E00170,2026-01-01,2026-06-30,95000.0,0.05,2375.0,186.5,200.09,186.5,158.525,14,2219.35,2801.26,581.91,155.65,False
E00171,2026-01-01,2026-06-30,162000.0,0.1,8100.0,186.5,200.09,186.5,158.525,51,8084.78,10204.59,2119.81,15.22,False
E00173,2026-01-01,2026-06-30,166000.0,0.1,8300.0,186.5,200.09,186.5,158.525,52,8243.3,10404.68,2161.38,56.7,False
E00176,2026-01-01,2026-06-30,179000.0,0.05,4475.0,186.5,200.09,186.5,158.525,28,4438.7,5602.52,1163.82,36.3,False
E00177,2026-01-01,2026-06-30,363000.0,0.05,9075.0,186.5,200.09,186.5,158.525,57,9035.93,11405.13,2369.2,39.07,False
E00178,2026-01-01,2026-06-30,133000.0,0.1,6650.0,186.5,200.09,186.5,158.525,41,6499.53,8203.69,1704.16,150.47,False
E00179,2026-01-01,2026-06-30,128000.0,0.05,3200.0,186.5,200.09,186.5,158.525,20,3170.5,4001.8,831.3,29.5,False
E00183,2026-01-01,2026-06-30,167000.0,0.15,12525.0,186.5,200.09,186.5,158.525,79,12523.48,15807.11,3283.63,1.52,False
E00187,2026-01-01,2026-06-30,133000.0,0.15,9975.0,186.5,200.09,186.5,158.525,62,9828.55,12405.58,2577.03,146.45,False
E00188,2026-01-01,2026-06-30,82000.0,0.15,6150.0,186.5,200.09,186.5,158.525,38,6023.95,7603.42,1579.47,126.05,False
E00190,2026-01-01,2026-06-30,158000.0,0.05,3950.0,186.5,200.09,186.5,158.525,24,3804.6,4802.16,997.56,145.4,False
E00193,2026-01-01,2026-06-30,91000.0,0.1,4550.0,186.5,200.09,186.5,158.525,28,4438.7,5602.52,1163.82,111.3,False
E00195,2026-01-01,2026-06-30,263000.0,0.1,13150.0,186.5,200.09,186.5,158.525,82,12999.05,16407.38,3408.33,150.95,False
E00197,2026-01-01,2026-06-30,103000.0,0.15,7725.0,186.5,200.09,186.5,158.525,48,7609.2,9604.32,1995.12,115.8,False
E00199,2026-01-01,2026-06-30,175000.0,0.15,13125.0,186.5,200.09,186.5,158.525,82,12999.05,16407.38,3408.33,125.95,False
E00201,2026-01-01,2026-06-30,135000.0,0.05,3375.0,186.5,200.09,186.5,158.525,21,3329.03,4201.89,872.86,45.97,False
E00203,2026-01-01,2026-06-30,131000.0,0.1,6550.0,186.5,200.09,186.5,158.525,41,6499.53,8203.69,1704.16,50.47,False
E00208,2026-01-01,2026-06-30,112000.0,0.1,5600.0,186.5,200.09,186.5,158.525,35,5548.38,7003.15,1454.77,51.62,False
E00210,2026-01-01,2026-06-30,221000.0,0.05,5525.0,186.5,200.09,186.5,158.525,34,5389.85,6803.06,1413.21,135.15,False
E00212,2026-01-01,2026-06-30,81000.0,0.1,4050.0,186.5,200.09,186.5,158.525,25,3963.12,5002.25,1039.13,86.88,False
E00215,2026-01-01,2026-06-30,91000.0,0.1,4550.0,186.5,200.09,186.5,158.525,28,4438.7,5602.52,1163.82,111.3,False
E00217,2026-01-01,2026-06-30,187000.0,0.05,4675.0,186.5,200.09,186.5,158.525,29,4597.23,5802.61,1205.38,77.77,False
E00220,2026-01-01,2026-06-30,161000.0,0.05,4025.0,186.5,200.09,186.5,158.525,25,3963.12,5002.25,1039.13,61.88,False
E00223,2026-01-01,2026-06-30,97000.0,0.1,4850.0,186.5,200.09,186.5,158.525,30,4755.75,6002.7,1246.95,94.25,False
E00224,2026-01-01,2026-06-30,114000.0,0.1,5700.0,186.5,200.09,186.5,158.525,35,5548.38,7003.15,1454.77,151.62,False
E00225,2026-01-01,2026-06-30,96000.0,0.1,4800.0,186.5,200.09,186.5,158.525,30,4755.75,6002.7,1246.95,44.25,False
E00227,2026-01-01,2026-06-30,176000.0,0.1,8800.0,186.5,200.09,186.5,158.525,55,8718.88,11004.95,2286.07,81.12,False
E00229,2026-01-01,2026-06-30,117000.0,0.1,5850.0,186.5,200.09,186.5,158.525,36,5706.9,7203.24,1496.34,143.1,False
E00230,2026-01-01,2026-06-30,126000.0,0.05,3150.0,186.5,200.09,186.5,158.525,19,3011.97,3801.71,789.74,138.03,False
E00231,2026-01-01,2026-06-30,252000.0,0.05,6300.0,186.5,200.09,186.5,158.525,39,6182.48,7803.51,1621.03,117.52,False
E00235,2026-01-01,2026-06-30,119000.0,0.15,8925.0,186.5,200.09,186.5,158.525,56,8877.4,11205.04,2327.64,47.6,False
E00238,2026-01-01,2026-06-30,127000.0,0.1,6350.0,186.5,200.09,186.5,158.525,40,6341.0,8003.6,1662.6,9.0,False
E00241,2026-01-01,2026-06-30,86000.0,0.1,4300.0,186.5,200.09,186.5,158.525,27,4280.18,5402.43,1122.25,19.82,False
E00242,2026-01-01,2026-06-30,129000.0,0.1,6450.0,186.5,200.09,186.5,158.525,40,6341.0,8003.6,1662.6,109.0,False
E00246,2026-01-01,2026-06-30,111000.0,0.1,5550.0,186.5,200.09,186.5,158.525,35,5548.38,7003.15,1454.77,1.62,False
E00247,2026-01-01,2026-06-30,153000.0,0.15,11475.0,186.5,200.09,186.5,158.525,72,11413.8,14406.48,2992.68,61.2,False
E00248,2026-01-01,2026-06-30,162000.0,0.15,12150.0,186.5,200.09,186.5,158.525,76,12047.9,15206.84,3158.94,102.1,False
E00250,2026-01-01,2026-06-30,113000.0,0.05,2825.0,186.5,200.09,186.5,158.525,17,2694.93,3401.53,706.6,130.07,False
E00252,2026-01-01,2026-06-30,135000.0,0.1,6750.0,186.5,200.09,186.5,158.525,42,6658.05,8403.78,1745.73,91.95,False
E00255,2026-01-01,2026-06-30,126000.0,0.1,6300.0,186.5,200.09,186.5,158.525,39,6182.48,7803.51,1621.03,117.52,False
E00257,2026-01-01,2026-06-30,137000.0,0.15,10275.0,186.5,200.09,186.5,158.525,64,10145.6,12805.76,2660.16,129.4,False
E00258,2026-01-01,2026-06-30,124000.0,0.05,3100.0,186.5,200.09,186.5,158.525,19,3011.97,3801.71,789.74,88.03,False
E00259,2026-01-01,2026-06-30,128000.0,0.15,9600.0,186.5,200.09,186.5,158.525,60,9511.5,12005.4,2493.9,88.5,False
E00260,2026-01-01,2026-06-30,148000.0,0.15,11100.0,186.5,200.09,186.5,158.525,70,11096.75,14006.3,2909.55,3.25,False
E00267,2026-01-01,2026-06-30,132000.0,0.15,9900.0,186.5,200.09,186.5,158.525,62,9828.55,12405.58,2577.03,71.45,False
E00268,2026-01-01,2026-06-30,136000.0,0.1,6800.0,186.5,200.09,186.5,158.525,42,6658.05,8403.78,1745.73,141.95,False
E00272,2026-01-01,2026-06-30,99000.0,0.1,4950.0,186.5,200.09,186.5,158.525,31,4914.28,6202.79,1288.51,35.72,False
E00273,2026-01-01,2026-06-30,227000.0,0.1,11350.0,186.5,200.09,186.5,158.525,71,11255.27,14206.39,2951.12,94.73,False
E00275,2026-01-01,2026-06-30,278000.0,0.15,20850.0,186.5,200.09,186.5,158.525,131,20766.78,26211.79,5445.01,83.22,False
E00276,2026-01-01,2026-06-30,100000.0,0.15,7500.0,186.5,200.09,186.5,158.525,47,7450.68,9404.23,1953.55,49.32,False
E00278,2026-01-01,2026-06-30,114000.0,0.05,2850.0,186.5,200.09,186.5,158.525,17,2694.93,3401.53,706.6,155.07,False
E00279,2026-01-01,2026-06-30,150000.0,0.15,11250.0,186.5,200.09,186.5,158.525,70,11096.75,14006.3,2909.55,153.25,False
E00281,2026-01-01,2026-06-30,138000.0,0.1,6900.0,186.5,200.09,186.5,158.525,43,6816.57,8603.87,1787.3,83.43,False
E00285,2026-01-01,2026-06-30,153000.0,0.05,3825.0,186.5,200.09,186.5,158.525,24,3804.6,4802.16,997.56,20.4,False
E00286,2026-01-01,2026-06-30,165000.0,0.05,4125.0,186.5,200.09,186.5,158.525,26,4121.65,5202.34,1080.69,3.35,False
E00287,2026-01-01,2026-06-30,134000.0,0.1,6700.0,186.5,200.09,186.5,158.525,42,6658.05,8403.78,1745.73,41.95,False
E00289,2026-01-01,2026-06-30,92000.0,0.1,4600.0,186.5,200.09,186.5,158.525,29,4597.23,5802.61,1205.38,2.77,False
E00290,2026-01-01,2026-06-30,227000.0,0.15,17025.0,186.5,200.09,186.5,158.525,107,16962.17,21409.63,4447.46,62.83,False
E00295,2026-01-01,2026-06-30,170000.0,0.05,4250.0,186.5,200.09,186.5,158.525,26,4121.65,5202.34,1080.69,128.35,False
E00297,2026-01-01,2026-06-30,181000.0,0.1,9050.0,186.5,200.09,186.5,158.525,57,9035.93,11405.13,2369.2,14.07,False
E00299,2026-01-01,2026-06-30,142000.0,0.15,10650.0,186.5,200.09,186.5,158.525,67,10621.18,13406.03,2784.85,28.82,False
E00300,2026-01-01,2026-06-30,135000.0,0.05,3375.0,186.5,200.09,186.5,158.525,21,3329.03,4201.89,872.86,45.97,False
E00301,2026-01-01,2026-06-30,117000.0,0.1,5850.0,186.5,200.09,186.5,158.525,36,5706.9,7203.24,1496.34,143.1,False
E00303,2026-01-01,2026-06-30,144000.0,0.05,3600.0,186.5,200.09,186.5,158.525,22,3487.55,4401.98,914.43,112.45,False
E00305,2026-01-01,2026-06-30,174000.0,0.15,13050.0,186.5,200.09,186.5,158.525,82,12999.05,16407.38,3408.33,50.95,False
E00306,2026-01-01,2026-06-30,264000.0,0.05,6600.0,186.5,200.09,186.5,158.525,41,6499.53,8203.69,1704.16,100.47,False
E00307,2026-01-01,2026-06-30,288000.0,0.1,14400.0,186.5,200.09,186.5,158.525,90,14267.25,18008.1,3740.85,132.75,False
E00308,2026-01-01,2026-06-30,205000.0,0.1,10250.0,186.5,200.09,186.5,158.525,64,10145.6,12805.76,2660.16,104.4,False
E00312,2026-01-01,2026-06-30,184000.0,0.05,4600.0,186.5,200.09,186.5,158.525,29,4597.23,5802.61,1205.38,2.77,False
E00315,2026-01-01,2026-06-30,144000.0,0.1,7200.0,186.5,200.09,186.5,158.525,45,7133.62,9004.05,1870.43,66.38,False
E00317,2026-01-01,2026-06-30,96000.0,0.15,7200.0,186.5,200.09,186.5,158.525,45,7133.62,9004.05,1870.43,66.38,False
E00318,2026-01-01,2026-06-30,120000.0,0.15,9000.0,186.5,200.09,186.5,158.525,56,8877.4,11205.04,2327.64,122.6,False
E00319,2026-01-01,2026-06-30,107000.0,0.05,2675.0,186.5,200.09,186.5,158.525,16,2536.4,3201.44,665.04,138.6,False
E00323,2026-01-01,2026-06-30,150000.0,0.1,7500.0,186.5,200.09,186.5,158.525,47,7450.68,9404.23,1953.55,49.32,False
E00328,2026-01-01,2026-06-30,174000.0,0.1,8700.0,186.5,200.09,186.5,158.525,54,8560.35,10804.86,2244.51,139.65,False
E00332,2026-01-01,2026-06-30,189000.0,0.1,9450.0,186.5,200.09,186.5,158.525,59,9352.98,11805.31,2452.33,97.02,False
E00336,2026-01-01,2026-06-30,199000.0,0.1,9950.0,186.5,200.09,186.5,158.525,62,9828.55,12405.58,2577.03,121.45,False
E00337,2026-01-01,2026-06-30,88000.0,0.05,2200.0,186.5,200.09,186.5,158.525,13,2060.83,2601.17,540.34,139.17,False
E00339,2026-01-01,2026-06-30,149000.0,0.05,3725.0,186.5,200.09,186.5,158.525,23,3646.08,4602.07,955.99,78.92,False
E00344,2026-01-01,2026-06-30,100000.0,0.05,2500.0,186.5,200.09,186.5,158.525,15,2377.88,3001.35,623.47,122.12,False
E00346,2026-01-01,2026-06-30,137000.0,0.05,3425.0,186.5,200.09,186.5,158.525,21,3329.03,4201.89,872.86,95.97,False
E00347,2026-01-01,2026-06-30,121000.0,0.1,6050.0,186.5,200.09,186.5,158.525,38,6023.95,7603.42,1579.47,26.05,False
E00353,2026-01-01,2026-06-30,89000.0,0.1,4450.0,186.5,200.09,186.5,158.525,28,4438.7,5602.52,1163.82,11.3,False
E00355,2026-01-01,2026-06-30,199000.0,0.05,4975.0,186.5,200.09,186.5,158.525,31,4914.28,6202.79,1288.51,60.72,False
E00356,2026-01-01,2026-06-30,180000.0,0.05,4500.0,186.5,200.09,186.5,158.525,28,4438.7,5602.52,1163.82,61.3,False
E00357,2026-01-01,2026-06-30,309000.0,0.1,15450.0,186.5,200.09,186.5,158.525,97,15376.93,19408.73,4031.8,73.07,False
E00361,2026-01-01,2026-06-30,172000.0,0.1,8600.0,186.5,200.09,186.5,158.525,54,8560.35,10804.86,2244.51,39.65,False
E00367,2026-01-01,2026-06-30,119000.0,0.15,8925.0,186.5,200.09,186.5,158.525,56,8877.4,11205.04,2327.64,47.6,False
E00368,2026-01-01,2026-06-30,159000.0,0.1,7950.0,186.5,200.09,186.5,158.525,50,7926.25,10004.5,2078.25,23.75,False
E00369,2026-01-01,2026-06-30,236000.0,0.1,11800.0,186.5,200.09,186.5,158.525,74,11730.85,14806.66,3075.81,69.15,False
E00373,2026-01-01,2026-06-30,144000.0,0.05,3600.0,186.5,200.09,186.5,158.525,22,3487.55,4401.98,914.43,112.45,False
E00374,2026-01-01,2026-06-30,194000.0,0.1,9700.0,186.5,200.09,186.5,158.525,61,9670.02,12205.49,2535.47,29.98,False
E00375,2026-01-01,2026-06-30,139000.0,0.1,6950.0,186.5,200.09,186.5,158.525,43,6816.57,8603.87,1787.3,133.43,False
E00377,2026-01-01,2026-06-30,171000.0,0.15,12825.0,186.5,200.09,186.5,158.525,80,12682.0,16007.2,3325.2,143.0,False
E00379,2026-01-01,2026-06-30,158000.0,0.1,7900.0,186.5,200.09,186.5,158.525,49,7767.73,9804.41,2036.68,132.27,False
E00386,2026-01-01,2026-06-30,86000.0,0.05,2150.0,186.5,200.09,186.5,158.525,13,2060.83,2601.17,540.34,89.17,False
E00387,2026-01-01,2026-06-30,137000.0,0.1,6850.0,186.5,200.09,186.5,158.525,43,6816.57,8603.87,1787.3,33.43,False
E00388,2026-01-01,2026-06-30,138000.0,0.1,6900.0,186.5,200.09,186.5,158.525,43,6816.57,8603.87,1787.3,83.43,False
E00394,2026-01-01,2026-06-30,317000.0,0.05,7925.0,186.5,200.09,186.5,158.525,49,7767.73,9804.41,2036.68,157.27,False
E00401,2026-01-01,2026-06-30,225000.0,0.1,11250.0,186.5,200.09,186.5,158.525,70,11096.75,14006.3,2909.55,153.25,False
E00402,2026-01-01,2026-06-30,179000.0,0.1,8950.0,186.5,200.09,186.5,158.525,56,8877.4,11205.04,2327.64,72.6,False
E00404,2026-01-01,2026-06-30,219000.0,0.1,10950.0,186.5,200.09,186.5,158.525,69,10938.23,13806.21,2867.98,11.77,False
E00405,2026-01-01,2026-06-30,138000.0,0.05,3450.0,186.5,200.09,186.5,158.525,21,3329.03,4201.89,872.86,120.97,False
E00406,2026-01-01,2026-06-30,126000.0,0.05,3150.0,186.5,200.09,186.5,158.525,19,3011.97,3801.71,789.74,138.03,False
E00408,2026-01-01,2026-06-30,193000.0,0.15,14475.0,186.5,200.09,186.5,158.525,91,14425.77,18208.19,3782.42,49.23,False
E00410,2026-01-01,2026-06-30,150000.0,0.05,3750.0,186.5,200.09,186.5,158.525,23,3646.08,4602.07,955.99,103.92,False
E00412,2026-01-01,2026-06-30,132000.0,0.15,9900.0,186.5,200.09,186.5,158.525,62,9828.55,12405.58,2577.03,71.45,False
E00413,2026-01-01,2026-06-30,212000.0,0.1,10600.0,186.5,200.09,186.5,158.525,66,10462.65,13205.94,2743.29,137.35,False
E00416,2026-01-01,2026-06-30,133000.0,0.05,3325.0,186.5,200.09,186.5,158.525,20,3170.5,4001.8,831.3,154.5,False
E00418,2026-01-01,2026-06-30,152000.0,0.1,7600.0,186.5,200.09,186.5,158.525,47,7450.68,9404.23,1953.55,149.32,False
E00425,2026-01-01,2026-06-30,157000.0,0.15,11775.0,186.5,200.09,186.5,158.525,74,11730.85,14806.66,3075.81,44.15,False
E00427,2026-01-01,2026-06-30,143000.0,0.05,3575.0,186.5,200.09,186.5,158.525,22,3487.55,4401.98,914.43,87.45,False
E00430,2026-01-01,2026-06-30,241000.0,0.05,6025.0,186.5,200.09,186.5,158.525,38,6023.95,7603.42,1579.47,1.05,False
E00431,2026-01-01,2026-06-30,203000.0,0.15,15225.0,186.5,200.09,186.5,158.525,96,15218.4,19208.64,3990.24,6.6,False
E00432,2026-01-01,2026-06-30,138000.0,0.1,6900.0,186.5,200.09,186.5,158.525,43,6816.57,8603.87,1787.3,83.43,False
E00434,2026-01-01,2026-06-30,104000.0,0.05,2600.0,186.5,200.09,186.5,158.525,16,2536.4,3201.44,665.04,63.6,False
E00436,2026-01-01,2026-06-30,163000.0,0.1,8150.0,186.5,200.09,186.5,158.525,51,8084.78,10204.59,2119.81,65.22,False
E00437,2026-01-01,2026-06-30,164000.0,0.15,12300.0,186.5,200.09,186.5,158.525,77,12206.43,15406.93,3200.5,93.57,False
E00441,2026-01-01,2026-06-30,127000.0,0.1,6350.0,186.5,200.09,186.5,158.525,40,6341.0,8003.6,1662.6,9.0,False
E00445,2026-01-01,2026-06-30,125000.0,0.1,6250.0,186.5,200.09,186.5,158.525,39,6182.48,7803.51,1621.03,67.52,False
E00447,2026-01-01,2026-06-30,148000.0,0.1,7400.0,186.5,200.09,186.5,158.525,46,7292.15,9204.14,1911.99,107.85,False
E00448,2026-01-01,2026-06-30,221000.0,0.05,5525.0,186.5,200.09,186.5,158.525,34,5389.85,6803.06,1413.21,135.15,False
E00449,2026-01-01,2026-06-30,149000.0,0.05,3725.0,186.5,200.09,186.5,158.525,23,3646.08,4602.07,955.99,78.92,False
E00456,2026-01-01,2026-06-30,234000.0,0.05,5850.0,186.5,200.09,186.5,158.525,36,5706.9,7203.24,1496.34,143.1,False
E00458,2026-01-01,2026-06-30,86000.0,0.05,2150.0,186.5,200.09,186.5,158.525,13,2060.83,2601.17,540.34,89.17,False
E00460,2026-01-01,2026-06-30,95000.0,0.05,2375.0,186.5,200.09,186.5,158.525,14,2219.35,2801.26,581.91,155.65,False
E00461,2026-01-01,2026-06-30,135000.0,0.1,6750.0,186.5,200.09,186.5,158.525,42,6658.05,8403.78,1745.73,91.95,False
E00463,2026-01-01,2026-06-30,107000.0,0.15,8025.0,186.5,200.09,186.5,158.525,50,7926.25,10004.5,2078.25,98.75,False
E00467,2026-01-01,2026-06-30,126000.0,0.05,3150.0,186.5,200.09,186.5,158.525,19,3011.97,3801.71,789.74,138.03,False
E00471,2026-01-01,2026-06-30,136000.0,0.15,10200.0,186.5,200.09,186.5,158.525,64,10145.6,12805.76,2660.16,54.4,False
E00474,2026-01-01,2026-06-30,97000.0,0.15,7275.0,186.5,200.09,186.5,158.525,45,7133.62,9004.05,1870.43,141.38,False
E00476,2026-01-01,2026-06-30,125000.0,0.1,6250.0,186.5,200.09,186.5,158.525,39,6182.48,7803.51,1621.03,67.52,False
E00479,2026-01-01,2026-06-30,175000.0,0.05,4375.0,186.5,200.09,186.5,158.525,27,4280.18,5402.43,1122.25,94.82,False
E00480,2026-01-01,2026-06-30,178000.0,0.1,8900.0,186.5,200.09,186.5,158.525,56,8877.4,11205.04,2327.64,22.6,False
E00481,2026-01-01,2026-06-30,134000.0,0.1,6700.0,186.5,200.09,186.5,158.525,42,6658.05,8403.78,1745.73,41.95,False
E00482,2026-01-01,2026-06-30,154000.0,0.15,11550.0,186.5,200.09,186.5,158.525,72,11413.8,14406.48,2992.68,136.2,False
E00484,2026-01-01,2026-06-30,102000.0,0.1,5100.0,186.5,200.09,186.5,158.525,32,5072.8,6402.88,1330.08,27.2,False
E00487,2026-01-01,2026-06-30,159000.0,0.05,3975.0,186.5,200.09,186.5,158.525,25,3963.12,5002.25,1039.13,11.88,False
E00497,2026-01-01,2026-06-30,185000.0,0.1,9250.0,186.5,200.09,186.5,158.525,58,9194.45,11605.22,2410.77,55.55,False
E00498,2026-01-01,2026-06-30,168000.0,0.15,12600.0,186.5,200.09,186.5,158.525,79,12523.48,15807.11,3283.63,76.52,False
E00499,2026-01-01,2026-06-30,181000.0,0.1,9050.0,186.5,200.09,186.5,158.525,57,9035.93,11405.13,2369.2,14.07,False
