exception_id,error_type,source_system,employee_id,grant_id,tranche,severity,root_cause,recommended_action
EXC0001,WITHHOLDING_ROUNDING,BROKER,E00001,G000005,4,Low,Rounding difference in tax withholding calculation between broker and payroll systems due to fractional share valuations.,"Review and document the rounding methodology; if difference is under $5, accept as immaterial and close."
EXC0002,STALE_FMV_PAYROLL,PAYROLL,E00002,G000007,3,High,"Payroll is using stale FMV for a terminated employee, creating incorrect taxable income and withholding records.",Immediately correct payroll taxable income to use vesting-date FMV; recalculate and adjust tax withholding; reprocess W-2 if necessary.
EXC0003,POST_TERM_RELEASE,BROKER,E00002,G000008,2,High,Broker released shares post-termination when they should have been forfeited per equity plan rules.,Immediately contact broker to recall or reverse the release; verify termination date and plan forfeit rules; recover shares or cash if already sold.
EXC0004,DUPLICATE_RELEASE,BROKER,E00004,G000014,1,High,"Broker shows duplicate release of the same tranche, creating duplicate tax events and withholding.",Verify broker records for duplicate vesting transactions; request broker to correct or cancel one release and resubmit tax documents.
EXC0005,POST_TERM_RELEASE,BROKER,E00009,G000026,7,High,"Broker released a large tranche post-termination, indicating either a system error or violation of equity plan forfeit rules.",Immediately flag with broker and legal; verify termination eligibility for continued vesting; reverse if not eligible and adjust payroll/tax records.
EXC0006,POST_TERM_RELEASE,BROKER,E00009,G000027,2,High,"Broker released shares to a terminated employee post-termination date, violating plan forfeit provisions.",Contact broker to reverse release and recalculate vested balance as of termination date; amend payroll records and W-2 if already issued.
EXC0007,WITHHOLDING_ROUNDING,BROKER,E00013,G000042,4,Low,Minor rounding variance in tax withholding due to FMV calculation precision between systems.,"Compare withholding methodology; if variance is under $5, document and close as immaterial difference."
EXC0008,WITHHOLDING_ROUNDING,BROKER,E00014,G000044,4,Low,Rounding difference in tax withholding calculation on fractional share valuations.,"Review rounding approach for consistency; if variance is acceptable, document and close."
EXC0009,WITHHOLDING_ROUNDING,BROKER,E00017,G000054,1,Low,Rounding difference in withholding on low-value shares due to FMV precision.,"Verify calculation methodology is applied consistently; if variance is under $2, close as immaterial."
EXC0010,MISSING_PAYROLL,PAYROLL,E00017,G000055,5,High,"Payroll system has no tax withholding record for vested shares, creating unreported taxable income.",Calculate required tax withholding and file payroll adjustment with tax authority; determine if correction W-2 is needed.
EXC0011,WITHHOLDING_ROUNDING,BROKER,E00017,G000056,8,Low,Rounding difference in withholding calculation on fractional share values.,"Verify rounding is applied consistently across all tranches; if variance is under $3, close as immaterial."
EXC0012,WITHHOLDING_ROUNDING,BROKER,E00017,G000056,12,Low,Rounding variance in withholding due to FMV calculation precision on this tranche.,"Document rounding methodology applied; if variance is under $4, close as acceptable."
EXC0013,STALE_FMV_PAYROLL,PAYROLL,E00017,G000057,2,Medium,"Payroll is using an outdated FMV for current calculations, creating a data synchronization lag.","Refresh payroll FMV data from broker feed; recalculate taxable income and verify withholding amount; if immaterial, document and close."
EXC0014,POST_TERM_RELEASE,BROKER,E00021,G000063,4,High,Broker released shares to a terminated employee in violation of vesting schedule or plan forfeit rules.,Verify termination date and equity plan terms; contact broker to reverse release if employee is not eligible for continued vesting.
EXC0015,POST_TERM_RELEASE,BROKER,E00021,G000064,2,High,"Broker released a small tranche to a terminated employee post-termination, indicating a vesting eligibility error.",Confirm termination date and vesting rules; request broker reversal; correct payroll and W-2 records if withholding was already processed.
EXC0016,WITHHOLDING_ROUNDING,BROKER,E00022,G000066,13,Low,Rounding difference in withholding calculation due to FMV precision.,"Verify rounding methodology; if variance is under $3, document and close as immaterial."
EXC0017,ID_FORMAT_MISMATCH,PAYROLL,00023,G000072,3,Medium,"Grant ID format in payroll does not match broker system format, preventing accurate reconciliation.",Standardize grant ID format between payroll and broker; rerun matching logic to confirm records align.
EXC0018,ID_FORMAT_MISMATCH,PAYROLL,00023,G000072,5,Medium,"Grant ID format mismatch prevents matching the same grant across systems, creating duplicate records.",Standardize grant ID format in both systems; consolidate duplicate records once format is aligned.
EXC0019,WITHHOLDING_ROUNDING,BROKER,E00027,G000084,6,Low,Rounding variance in withholding on fractional share valuations.,"Review rounding methodology; if variance is under $5, document and close as acceptable."
EXC0020,MISSING_PAYROLL,PAYROLL,E00029,G000091,10,High,"Payroll system has no tax withholding record for a large vested tranche, leaving taxable income unreported.",Calculate required tax withholding immediately; file payroll adjustment and potentially corrected W-2 with tax authorities.
EXC0021,DUPLICATE_RELEASE,BROKER,E00030,G000095,5,High,"Broker shows duplicate release of the same tranche, creating duplicate taxable events.",Verify broker records for duplicate vesting; request broker to remove one duplicate release and resubmit corrected tax documentation.
EXC0022,POST_TERM_RELEASE,BROKER,E00036,G000113,10,High,"Broker released shares to a terminated employee post-termination, violating plan forfeit rules.",Contact broker to reverse release; verify termination eligibility; correct payroll and W-2 records if necessary.
EXC0023,POST_TERM_RELEASE,BROKER,E00036,G000114,6,High,"Broker released a tranche to a terminated employee after termination date, indicating a vesting or eligibility error.",Verify termination date and equity plan provisions; request broker reversal; recalculate payroll withholding and W-2.
EXC0024,ID_FORMAT_MISMATCH,PAYROLL,00042,G000131,10,Medium,"Grant ID format in payroll does not align with broker system, creating a matching failure.",Standardize grant ID format across both systems; rerun reconciliation to confirm alignment.
EXC0025,WITHHOLDING_ROUNDING,BROKER,E00044,G000135,1,Low,Rounding difference in tax withholding calculation due to FMV precision.,"Verify rounding approach is consistent; if variance is under $5, document and close as immaterial."
EXC0026,STALE_COUNTRY,PAYROLL,E00045,G000136,2,High,Payroll system is using stale country code which may apply incorrect tax withholding rules for this active employee's vested shares.,Update employee's country code in payroll system to match current HRIS record and recalculate tax withholding if applicable.
EXC0027,STALE_COUNTRY,PAYROLL,E00045,G000136,6,High,Payroll system is using stale country code which may apply incorrect tax withholding rules for this active employee's vested shares.,Update employee's country code in payroll system to match current HRIS record and recalculate tax withholding if applicable.
EXC0028,STALE_COUNTRY,PAYROLL,E00045,G000136,8,High,Payroll system is using stale country code which may apply incorrect tax withholding rules for this active employee's vested shares.,Update employee's country code in payroll system to match current HRIS record and recalculate tax withholding if applicable.
EXC0029,WITHHOLDING_ROUNDING,BROKER,E00048,G000142,1,Low,Broker and payroll systems differ by less than 1% in calculated withholding due to rounding of fractional cents.,Document as acceptable rounding variance and no action required.
EXC0030,WITHHOLDING_ROUNDING,BROKER,E00051,G000147,4,Medium,Broker and payroll systems differ by less than 1% in calculated withholding due to rounding; terminated employee may not require further action.,Verify terminated employee's final withholding calculation matches broker and close out grant.
EXC0031,DUPLICATE_RELEASE,BROKER,E00053,G000155,6,High,"Same grant and tranche appears to have been released twice on broker feed, risking duplicate share delivery and tax leakage.",Reconcile broker transaction logs to identify and reverse the duplicate release before settlement.
EXC0032,WITHHOLDING_ROUNDING,BROKER,E00053,G000155,9,Low,Broker and payroll systems differ by less than 1% in calculated withholding due to rounding of fractional cents.,Document as acceptable rounding variance and no action required.
EXC0033,WITHHOLDING_ROUNDING,BROKER,E00053,G000155,10,Low,Broker and payroll systems differ by less than 1% in calculated withholding due to rounding of fractional cents.,Document as acceptable rounding variance and no action required.
EXC0034,DUPLICATE_RELEASE,BROKER,E00053,G000157,1,High,"Same grant and tranche appears to have been released twice on broker feed, risking duplicate share delivery and tax leakage.",Reconcile broker transaction logs to identify and reverse the duplicate release before settlement.
EXC0035,DUPLICATE_RELEASE,BROKER,E00055,G000162,2,High,"Same grant and tranche appears to have been released twice on broker feed, risking duplicate share delivery and tax leakage.",Reconcile broker transaction logs to identify and reverse the duplicate release before settlement.
EXC0036,POST_TERM_RELEASE,BROKER,E00060,G000178,3,High,"Broker released shares after employee termination, which may violate vesting rules and create tax compliance exposure.","Confirm post-termination release is authorized per grant agreement; if not, initiate share recovery from broker."
EXC0037,WITHHOLDING_ROUNDING,BROKER,E00061,G000180,2,Low,Broker and payroll systems differ by less than 1% in calculated withholding due to rounding of fractional cents.,Document as acceptable rounding variance and no action required.
EXC0038,ID_FORMAT_MISMATCH,PAYROLL,00062,G000182,4,Medium,"Grant ID format differs between payroll and other systems, preventing proper matching and reconciliation.",Standardize grant ID format in payroll system to match broker and HRIS records for accurate reconciliation.
EXC0039,MISSING_PAYROLL,PAYROLL,E00063,G000188,2,High,"Payroll record is missing withholding and income data for an active employee's vested shares, creating tax compliance risk.",Obtain missing payroll withholding and income details from broker for grant G000188 tranche 2 and ensure payroll processing is completed.
EXC0040,DUPLICATE_RELEASE,BROKER,E00064,G000190,13,High,"Same grant and tranche appears to have been released twice on broker feed for terminated employee, risking duplicate share and tax leakage.",Reconcile broker transaction logs to identify and reverse the duplicate release; verify no double settlement occurred.
EXC0041,DUPLICATE_RELEASE,BROKER,E00064,G000190,14,High,"Same grant and tranche appears to have been released twice on broker feed for terminated employee, risking duplicate share and tax leakage.",Reconcile broker transaction logs to identify and reverse the duplicate release; verify no double settlement occurred.
EXC0042,STALE_FMV_PAYROLL,PAYROLL,E00064,G000193,3,Medium,"Payroll is using a stale FMV that does not match current broker FMV, potentially understating taxable income for terminated employee.",Update payroll FMV to match broker FMV (119.1) and recalculate withholding to ensure tax compliance for final distribution.
EXC0043,POST_TERM_RELEASE,BROKER,E00064,G000193,6,High,"Broker released shares after employee termination, which may violate vesting rules and create tax compliance exposure.","Confirm post-termination release is authorized per grant agreement; if not, initiate share recovery from broker."
EXC0044,POST_TERM_RELEASE,BROKER,E00065,G000196,3,High,"Broker released shares after employee termination, which may violate vesting rules and create tax compliance exposure.","Confirm post-termination release is authorized per grant agreement; if not, initiate share recovery from broker."
EXC0045,MISSING_PAYROLL,PAYROLL,E00066,G000197,5,High,"Payroll record is missing withholding and income data for an active employee's large vested share lot, creating tax compliance risk.",Obtain missing payroll withholding and income details from broker for grant G000197 tranche 5 and ensure payroll processing is completed.
EXC0046,ID_FORMAT_MISMATCH,PAYROLL,00067,G000201,4,Medium,"Grant ID format differs between payroll and other systems, preventing proper matching and reconciliation.",Standardize grant ID format in payroll system to match broker and HRIS records for accurate reconciliation.
EXC0047,MISSING_PAYROLL,PAYROLL,E00067,G000202,1,High,"Payroll record is missing withholding and income data for an active employee's vested shares, creating tax compliance risk.",Obtain missing payroll withholding and income details from broker for grant G000202 tranche 1 and ensure payroll processing is completed.
EXC0048,DUPLICATE_RELEASE,BROKER,E00067,G000204,5,High,"Same grant and tranche appears to have been released twice on broker feed, risking duplicate share delivery and tax leakage.",Reconcile broker transaction logs to identify and reverse the duplicate release before settlement.
EXC0049,MISSING_PAYROLL,PAYROLL,E00067,G000206,2,High,"Payroll record is missing withholding and income data for an active employee's vested shares, creating tax compliance risk.",Obtain missing payroll withholding and income details from broker for grant G000206 tranche 2 and ensure payroll processing is completed.
EXC0050,STALE_COUNTRY,PAYROLL,E00068,G000207,14,High,Payroll system is using stale country code which may apply incorrect tax withholding rules for this active employee's vested shares.,Update employee's country code in payroll system to match current HRIS record and recalculate tax withholding if applicable.
EXC0051,DUPLICATE_RELEASE,BROKER,E00068,G000207,16,High,"Broker shows duplicate vesting release for grant G000207 tranche 16, risking double-taxation or share leakage.","Verify with broker whether tranche 16 was released twice; if so, reverse one release and recalculate tax withholding."
EXC0052,STALE_FMV_PAYROLL,PAYROLL,E00068,G000208,5,High,"Payroll FMV ($87.837) is stale and does not match broker FMV, causing incorrect tax withholding calculation.",Update payroll FMV to match broker FMV ($87.837) and recalculate tax withholding to correct amount.
EXC0053,STALE_COUNTRY,PAYROLL,E00068,G000208,9,High,"Payroll country code is outdated for grant G000208 tranche 9, affecting tax withholding rules and compliance.",Verify and update employee country of employment in payroll and recalculate tax withholding per current jurisdiction rules.
EXC0054,STALE_COUNTRY,PAYROLL,E00068,G000208,15,High,"Payroll country code is outdated for grant G000208 tranche 15, affecting tax withholding rules and compliance.",Verify and update employee country of employment in payroll and recalculate tax withholding per current jurisdiction rules.
EXC0055,STALE_COUNTRY,PAYROLL,E00068,G000209,5,High,"Payroll country code is outdated for grant G000209 tranche 5, affecting tax withholding rules and compliance.",Verify and update employee country of employment in payroll and recalculate tax withholding per current jurisdiction rules.
EXC0056,ID_FORMAT_MISMATCH,PAYROLL,00068,G000210,5,Medium,Grant ID format mismatch between payroll and broker prevents accurate reconciliation for G000210 tranche 5.,Standardize grant ID format in payroll to match broker format (likely adding leading zeros or changing delimiter).
EXC0057,WITHHOLDING_ROUNDING,BROKER,E00068,G000210,6,Low,Withholding amount differs by less than 1% from calculated value due to rounding in broker system.,Accept rounding variance if within policy tolerance; document as acceptable variance and move forward.
EXC0058,ID_FORMAT_MISMATCH,PAYROLL,00068,G000210,7,Medium,Grant ID format mismatch between payroll and broker prevents accurate reconciliation for G000210 tranche 7.,Standardize grant ID format in payroll to match broker format (likely adding leading zeros or changing delimiter).
EXC0059,ID_FORMAT_MISMATCH,PAYROLL,00069,G000212,5,Medium,Grant ID format mismatch between payroll and broker prevents accurate reconciliation for G000212 tranche 5.,Standardize grant ID format in payroll to match broker format (likely adding leading zeros or changing delimiter).
EXC0060,STALE_COUNTRY,PAYROLL,E00069,G000213,2,High,"Payroll country code is outdated for grant G000213 tranche 2, affecting tax withholding rules and compliance.",Verify and update employee country of employment in payroll and recalculate tax withholding per current jurisdiction rules.
EXC0061,POST_TERM_RELEASE,BROKER,E00071,G000216,3,High,"Broker shows vesting release for terminated employee (G000216 tranche 3), which may violate forfeiture terms or tax rules.","Verify termination date and vesting acceleration rules; if release is invalid, reverse it with broker and adjust payroll."
EXC0062,WITHHOLDING_ROUNDING,BROKER,E00073,G000221,7,Low,Withholding amount differs by less than 1% from calculated value due to rounding in broker system.,Accept rounding variance if within policy tolerance; document as acceptable variance and move forward.
EXC0063,DUPLICATE_RELEASE,BROKER,E00073,G000221,13,High,"Broker shows duplicate vesting release for grant G000221 tranche 13, risking double-taxation or share leakage.","Verify with broker whether tranche 13 was released twice; if so, reverse one release and recalculate tax withholding."
EXC0064,WITHHOLDING_ROUNDING,BROKER,E00074,G000226,7,Low,Withholding amount differs by less than 1% from calculated value due to rounding in broker system.,Accept rounding variance if within policy tolerance; document as acceptable variance and move forward.
EXC0065,WITHHOLDING_ROUNDING,BROKER,E00076,G000233,11,Low,Withholding amount differs by less than 1% from calculated value due to rounding in broker system.,Accept rounding variance if within policy tolerance; document as acceptable variance and move forward.
EXC0066,DUPLICATE_RELEASE,BROKER,E00076,G000234,9,High,"Broker shows duplicate vesting release for grant G000234 tranche 9, risking double-taxation or share leakage.","Verify with broker whether tranche 9 was released twice; if so, reverse one release and recalculate tax withholding."
EXC0067,MISSING_PAYROLL,PAYROLL,E00078,G000239,5,High,"Payroll record is completely missing for grant G000239 tranche 5, creating a compliance gap and tax withholding risk.",Create missing payroll record for G000239 tranche 5 with correct taxable income and withholding amount.
EXC0068,MISSING_PAYROLL,PAYROLL,E00078,G000239,7,High,"Payroll record is completely missing for grant G000239 tranche 7, creating a compliance gap and tax withholding risk.",Create missing payroll record for G000239 tranche 7 with correct taxable income and withholding amount.
EXC0069,DUPLICATE_RELEASE,BROKER,E00078,G000241,1,High,"Broker shows duplicate vesting release for grant G000241 tranche 1, risking double-taxation or share leakage.","Verify with broker whether tranche 1 was released twice; if so, reverse one release and recalculate tax withholding."
EXC0070,MISSING_PAYROLL,PAYROLL,E00080,G000248,1,High,"Payroll record is completely missing for grant G000248 tranche 1, creating a compliance gap and tax withholding risk.",Create missing payroll record for G000248 tranche 1 with correct taxable income and withholding amount.
EXC0071,ID_FORMAT_MISMATCH,PAYROLL,00080,G000248,9,Medium,Grant ID format mismatch between payroll and broker prevents accurate reconciliation for G000248 tranche 9.,Standardize grant ID format in payroll to match broker format (likely adding leading zeros or changing delimiter).
EXC0072,POST_TERM_RELEASE,BROKER,E00084,G000262,3,High,"Broker shows vesting release for terminated employee (G000262 tranche 3), which may violate forfeiture terms or tax rules.","Verify termination date and vesting acceleration rules; if release is invalid, reverse it with broker and adjust payroll."
EXC0073,ID_FORMAT_MISMATCH,PAYROLL,00086,G000269,15,Medium,Grant ID format mismatch between payroll and broker prevents accurate reconciliation for G000269 tranche 15.,Standardize grant ID format in payroll to match broker format (likely adding leading zeros or changing delimiter).
EXC0074,STALE_FMV_PAYROLL,PAYROLL,E00086,G000270,8,High,"Payroll FMV ($134.25) is stale and does not match broker FMV, causing incorrect tax withholding calculation.",Update payroll FMV to match broker FMV ($134.25) and recalculate tax withholding to correct amount.
EXC0075,WITHHOLDING_ROUNDING,BROKER,E00087,G000275,1,Low,Withholding amount differs by less than 1% from calculated value due to rounding in broker system.,Accept rounding variance if within policy tolerance; document as acceptable variance and move forward.
EXC0076,DUPLICATE_RELEASE,BROKER,E00088,G000279,3,High,"Broker reported duplicate vesting release for grant G000279 tranche 3, creating risk of double-counting taxable income and withholding.",Contact broker to verify which release record is authoritative and reverse the duplicate entry in payroll before tax filing.
EXC0077,STALE_FMV_PAYROLL,PAYROLL,E00091,G000286,5,High,"Payroll used stale FMV ($87.837) that does not match broker's current FMV, causing incorrect taxable-income calculation of $3,957.48.",Recalculate payroll taxable income using broker's current FMV and reprocess withholding to ensure compliance.
EXC0078,ID_FORMAT_MISMATCH,PAYROLL,00091,G000287,6,Medium,"Grant ID format in payroll system does not match broker/HRIS format, preventing reliable reconciliation.",Standardize grant ID format in payroll system to match broker and HRIS conventions.
EXC0079,MISSING_PAYROLL,PAYROLL,E00094,G000295,7,High,"Vesting event for grant G000295 tranche 7 has no corresponding payroll record, leaving taxable income and withholding unprocessed.",Create missing payroll record for 82 vested shares at $131.88 FMV and apply appropriate tax withholding immediately.
EXC0080,ID_FORMAT_MISMATCH,PAYROLL,00094,G000296,1,Medium,"Grant ID format in payroll system does not match broker/HRIS format, preventing reliable reconciliation.",Standardize grant ID format in payroll system to match broker and HRIS conventions.
EXC0081,WITHHOLDING_ROUNDING,BROKER,E00094,G000296,10,Low,Rounding difference in withholding calculation between broker and payroll systems (likely $0.01–$0.10 variance).,Document rounding variance and reconcile if it exceeds $1.00; no action needed if immaterial.
EXC0082,DUPLICATE_RELEASE,BROKER,E00097,G000308,10,High,"Broker reported duplicate vesting release for grant G000308 tranche 10, creating risk of double-counting taxable income and withholding.",Contact broker to verify which release record is authoritative and reverse the duplicate entry in payroll before tax filing.
EXC0083,STALE_FMV_PAYROLL,PAYROLL,E00098,G000311,13,High,"Payroll used stale FMV ($87.837) that does not match broker's current FMV, causing incorrect taxable-income calculation of $7,563.18.",Recalculate payroll taxable income using broker's current FMV and reprocess withholding to ensure compliance.
EXC0084,ID_FORMAT_MISMATCH,PAYROLL,00098,G000311,14,Medium,"Grant ID format in payroll system does not match broker/HRIS format, preventing reliable reconciliation.",Standardize grant ID format in payroll system to match broker and HRIS conventions.
EXC0085,MISSING_PAYROLL,PAYROLL,E00098,G000315,5,High,"Vesting event for grant G000315 tranche 5 has no corresponding payroll record, leaving taxable income and withholding unprocessed.",Create missing payroll record for 35 vested shares at $180.25 FMV and apply appropriate tax withholding immediately.
EXC0086,STALE_FMV_PAYROLL,PAYROLL,E00102,G000324,7,High,"Payroll used stale FMV ($119.1) that does not match broker's current FMV, causing incorrect taxable-income calculation of $1,787.10.",Recalculate payroll taxable income using broker's current FMV and reprocess withholding to ensure compliance.
EXC0087,WITHHOLDING_ROUNDING,BROKER,E00106,G000333,3,Medium,Rounding difference in withholding calculation between broker and payroll systems (likely $0.01–$0.10 variance).,Document rounding variance and reconcile if it exceeds $1.00; no action needed if immaterial.
EXC0088,POST_TERM_RELEASE,BROKER,E00106,G000334,11,High,"Broker released shares for terminated employee (grant G000334 tranche 11) after termination date, violating equity-plan terms.","Immediately investigate whether this release is valid per plan documents; if unauthorized, reverse the transaction and recover any proceeds."
EXC0089,MISSING_PAYROLL,PAYROLL,E00111,G000349,3,High,"Vesting event for grant G000349 tranche 3 has no corresponding payroll record, leaving taxable income and withholding unprocessed.",Create missing payroll record for 6 vested shares at $212.17 FMV and apply appropriate tax withholding immediately.
EXC0090,DUPLICATE_RELEASE,BROKER,E00112,G000350,6,High,"Broker reported duplicate vesting release for grant G000350 tranche 6, creating risk of double-counting taxable income and withholding.",Contact broker to verify which release record is authoritative and reverse the duplicate entry in payroll before tax filing.
EXC0091,DUPLICATE_RELEASE,BROKER,E00115,G000363,3,High,"Broker reported duplicate vesting release for grant G000363 tranche 3, creating risk of double-counting taxable income and withholding.",Contact broker to verify which release record is authoritative and reverse the duplicate entry in payroll before tax filing.
EXC0092,ID_FORMAT_MISMATCH,PAYROLL,00116,G000365,7,Medium,"Grant ID format in payroll system does not match broker/HRIS format, preventing reliable reconciliation.",Standardize grant ID format in payroll system to match broker and HRIS conventions.
EXC0093,MISSING_PAYROLL,PAYROLL,E00116,G000366,7,High,"Vesting event for grant G000366 tranche 7 has no corresponding payroll record, leaving taxable income and withholding unprocessed.",Create missing payroll record for 108 vested shares at $119.1 FMV and apply appropriate tax withholding immediately.
EXC0094,POST_TERM_RELEASE,BROKER,E00120,G000379,10,High,"Broker released shares for terminated employee (grant G000379 tranche 10) after termination date, violating equity-plan terms.","Immediately investigate whether this release is valid per plan documents; if unauthorized, reverse the transaction and recover any proceeds."
EXC0095,POST_TERM_RELEASE,BROKER,E00120,G000380,6,High,"Broker released shares for terminated employee (grant G000380 tranche 6) after termination date, violating equity-plan terms.","Immediately investigate whether this release is valid per plan documents; if unauthorized, reverse the transaction and recover any proceeds."
EXC0096,STALE_FMV_PAYROLL,PAYROLL,E00126,G000398,2,High,"Payroll used stale FMV ($131.88) that does not match broker's current FMV for a terminated employee, causing incorrect taxable-income calculation of $5,832.45.","Recalculate payroll taxable income using broker's current FMV and correct withholding, then verify termination-date equity treatment."
EXC0097,POST_TERM_RELEASE,BROKER,E00126,G000398,6,High,"Broker released shares for terminated employee (grant G000398 tranche 6) after termination date, violating equity-plan terms.","Immediately investigate whether this release is valid per plan documents; if unauthorized, reverse the transaction and recover any proceeds."
EXC0098,MISSING_PAYROLL,PAYROLL,E00129,G000403,2,High,"Vesting event for grant G000403 tranche 2 has no corresponding payroll record, leaving taxable income and withholding unprocessed.",Create missing payroll record for 50 vested shares at $22.341 FMV and apply appropriate tax withholding immediately.
EXC0099,POST_TERM_RELEASE,BROKER,E00130,G000409,7,High,"Broker released shares for terminated employee (grant G000409 tranche 7) after termination date, violating equity-plan terms.","Immediately investigate whether this release is valid per plan documents; if unauthorized, reverse the transaction and recover any proceeds."
EXC0100,POST_TERM_RELEASE,BROKER,E00130,G000410,2,High,"Broker released shares for terminated employee (grant G000410 tranche 2) after termination date, violating equity-plan terms.","Immediately investigate whether this release is valid per plan documents; if unauthorized, reverse the transaction and recover any proceeds."
EXC0101,MISSING_PAYROLL,PAYROLL,E00131,G000413,7,High,"Vested RSU shares in broker system lack corresponding payroll tax withholding record, creating potential tax compliance gap.",Investigate whether tax was withheld outside payroll system or if withholding is genuinely missing; reconcile with broker settlement and correct payroll if needed.
EXC0102,STALE_COUNTRY,PAYROLL,E00135,G000421,2,Medium,Employee's country/tax jurisdiction in payroll system is stale and does not match current HRIS status.,Verify employee's current country assignment in HRIS and update payroll tax rules if jurisdiction has changed.
EXC0103,STALE_COUNTRY,PAYROLL,E00135,G000421,3,Medium,Employee's country/tax jurisdiction in payroll system is stale and does not match current HRIS status.,Verify employee's current country assignment in HRIS and update payroll tax rules if jurisdiction has changed.
EXC0104,STALE_COUNTRY,PAYROLL,E00135,G000421,6,Medium,Employee's country/tax jurisdiction in payroll system is stale and does not match current HRIS status.,Verify employee's current country assignment in HRIS and update payroll tax rules if jurisdiction has changed.
EXC0105,STALE_COUNTRY,PAYROLL,E00135,G000421,7,Medium,Employee's country/tax jurisdiction in payroll system is stale and does not match current HRIS status.,Verify employee's current country assignment in HRIS and update payroll tax rules if jurisdiction has changed.
EXC0106,STALE_COUNTRY,PAYROLL,E00135,G000421,8,Medium,Employee's country/tax jurisdiction in payroll system is stale and does not match current HRIS status.,Verify employee's current country assignment in HRIS and update payroll tax rules if jurisdiction has changed.
EXC0107,STALE_COUNTRY,PAYROLL,E00135,G000421,9,Medium,Employee's country/tax jurisdiction in payroll system is stale and does not match current HRIS status.,Verify employee's current country assignment in HRIS and update payroll tax rules if jurisdiction has changed.
EXC0108,STALE_COUNTRY,PAYROLL,E00135,G000422,3,Medium,Employee's country/tax jurisdiction in payroll system is stale and does not match current HRIS status.,Verify employee's current country assignment in HRIS and update payroll tax rules if jurisdiction has changed.
EXC0109,STALE_COUNTRY,PAYROLL,E00135,G000423,2,Medium,Employee's country/tax jurisdiction in payroll system is stale and does not match current HRIS status.,Verify employee's current country assignment in HRIS and update payroll tax rules if jurisdiction has changed.
EXC0110,WITHHOLDING_ROUNDING,BROKER,E00138,G000429,13,Low,Tax withholding amount differs from calculated value due to rounding convention differences between broker and payroll systems.,Document rounding variance and confirm it falls within acceptable tolerance; no correction needed if variance is immaterial.
EXC0111,ID_FORMAT_MISMATCH,PAYROLL,00141,G000438,15,Medium,"Grant ID format in payroll system does not match broker or HRIS format standard, preventing accurate matching.",Standardize grant ID format across systems or create mapping table to ensure consistent identification and reconciliation.
EXC0112,MISSING_PAYROLL,PAYROLL,E00142,G000442,6,High,"Vested RSU shares in broker system lack corresponding payroll tax withholding record, creating potential tax compliance gap.",Investigate whether tax was withheld outside payroll system or if withholding is genuinely missing; reconcile with broker settlement and correct payroll if needed.
EXC0113,WITHHOLDING_ROUNDING,BROKER,E00142,G000444,2,Low,Tax withholding amount differs from calculated value due to rounding convention differences between broker and payroll systems.,Document rounding variance and confirm it falls within acceptable tolerance; no correction needed if variance is immaterial.
EXC0114,MISSING_PAYROLL,PAYROLL,E00143,G000449,2,High,"Vested RSU shares in broker system lack corresponding payroll tax withholding record, creating potential tax compliance gap.",Investigate whether tax was withheld outside payroll system or if withholding is genuinely missing; reconcile with broker settlement and correct payroll if needed.
EXC0115,DUPLICATE_RELEASE,BROKER,E00146,G000457,5,High,"RSU tranche appears released multiple times in broker system, risking duplicate share issuance and tax withholding.","Verify broker records to confirm tranche was released only once; if duplicate exists, identify which record is correct and remove duplicate entry."
EXC0116,ID_FORMAT_MISMATCH,PAYROLL,00152,G000476,14,Medium,"Grant ID format in payroll system does not match broker or HRIS format standard, preventing accurate matching.",Standardize grant ID format across systems or create mapping table to ensure consistent identification and reconciliation.
EXC0117,ID_FORMAT_MISMATCH,PAYROLL,00153,G000482,7,Medium,"Grant ID format in payroll system does not match broker or HRIS format standard, preventing accurate matching.",Standardize grant ID format across systems or create mapping table to ensure consistent identification and reconciliation.
EXC0118,STALE_FMV_PAYROLL,PAYROLL,E00153,G000484,2,Medium,"FMV used in payroll tax calculation is older than current broker FMV, causing taxable income and withholding discrepancy.",Confirm vesting date and obtain correct FMV as of that date; recalculate taxable income and withholding if payroll FMV was incorrect.
EXC0119,DUPLICATE_RELEASE,BROKER,E00155,G000489,11,High,"RSU tranche appears released multiple times in broker system, risking duplicate share issuance and tax withholding.","Verify broker records to confirm tranche was released only once; if duplicate exists, identify which record is correct and remove duplicate entry."
EXC0120,STALE_FMV_PAYROLL,PAYROLL,E00155,G000490,6,Medium,"FMV used in payroll tax calculation is older than current broker FMV, causing taxable income and withholding discrepancy.",Confirm vesting date and obtain correct FMV as of that date; recalculate taxable income and withholding if payroll FMV was incorrect.
EXC0121,WITHHOLDING_ROUNDING,BROKER,E00156,G000492,4,Low,Tax withholding amount differs from calculated value due to rounding convention differences between broker and payroll systems.,Document rounding variance and confirm it falls within acceptable tolerance; no correction needed if variance is immaterial.
EXC0122,ID_FORMAT_MISMATCH,PAYROLL,00157,G000495,3,Medium,"Grant ID format in payroll system does not match broker or HRIS format standard, preventing accurate matching.",Standardize grant ID format across systems or create mapping table to ensure consistent identification and reconciliation.
EXC0123,STALE_COUNTRY,PAYROLL,E00159,G000505,10,Medium,Employee's country/tax jurisdiction in payroll system is stale and does not match current HRIS status.,Verify employee's current country assignment in HRIS and update payroll tax rules if jurisdiction has changed.
EXC0124,STALE_COUNTRY,PAYROLL,E00159,G000507,2,Medium,Employee's country/tax jurisdiction in payroll system is stale and does not match current HRIS status.,Verify employee's current country assignment in HRIS and update payroll tax rules if jurisdiction has changed.
EXC0125,STALE_COUNTRY,PAYROLL,E00159,G000508,1,Medium,Employee's country/tax jurisdiction in payroll system is stale and does not match current HRIS status.,Verify employee's current country assignment in HRIS and update payroll tax rules if jurisdiction has changed.
EXC0126,STALE_COUNTRY,PAYROLL,E00159,G000508,2,High,Payroll system has stale country code which may have resulted in incorrect tax withholding calculation.,"Verify and update the country code in payroll for grant G000508 tranche 2, then recalculate tax withholding to ensure compliance."
EXC0127,ID_FORMAT_MISMATCH,PAYROLL,00161,G000510,9,Medium,"Grant ID format in payroll does not match the broker system format, preventing reconciliation.",Standardize the grant ID format in payroll to match broker system and re-reconcile the records.
EXC0128,MISSING_PAYROLL,PAYROLL,E00161,G000511,5,High,"No corresponding payroll record exists for a vested tranche, creating a tax reporting and withholding gap.",Create the missing payroll record for grant G000511 tranche 5 with correct FMV and tax withholding calculations.
EXC0129,STALE_FMV_PAYROLL,PAYROLL,E00161,G000512,9,High,Payroll is using stale FMV which may have caused incorrect taxable income and withholding calculation.,Update the FMV in payroll to match the broker FMV of $180.25 and recalculate taxable income and withholding.
EXC0130,DUPLICATE_RELEASE,BROKER,E00163,G000518,2,High,"Broker shows duplicate release of the same tranche, risking double-counting of shares or tax withholding.",Investigate the broker system to identify and remove the duplicate release for grant G000518 tranche 2.
EXC0131,ID_FORMAT_MISMATCH,PAYROLL,00166,G000528,8,Medium,"Grant ID format in payroll does not match the broker system format, preventing reconciliation.",Standardize the grant ID format in payroll to match broker system and re-reconcile the records.
EXC0132,MISSING_PAYROLL,PAYROLL,E00169,G000536,11,High,"No corresponding payroll record exists for a vested tranche, creating a tax reporting and withholding gap.",Create the missing payroll record for grant G000536 tranche 11 with correct FMV and tax withholding calculations.
EXC0133,WITHHOLDING_ROUNDING,BROKER,E00169,G000536,12,Low,Withholding amount differs by a small rounding amount between broker and payroll systems.,Document the rounding variance for grant G000536 tranche 12 and adjust to the nearest cent if material.
EXC0134,ID_FORMAT_MISMATCH,PAYROLL,00170,G000540,7,Medium,"Grant ID format in payroll does not match the broker system format, preventing reconciliation.",Standardize the grant ID format in payroll to match broker system and re-reconcile the records.
EXC0135,MISSING_PAYROLL,PAYROLL,E00170,G000541,6,High,"No corresponding payroll record exists for a vested tranche, creating a tax reporting and withholding gap.",Create the missing payroll record for grant G000541 tranche 6 with correct FMV and tax withholding calculations.
EXC0136,MISSING_PAYROLL,PAYROLL,E00170,G000542,2,High,"No corresponding payroll record exists for a vested tranche, creating a tax reporting and withholding gap.",Create the missing payroll record for grant G000542 tranche 2 with correct FMV and tax withholding calculations.
EXC0137,STALE_COUNTRY,PAYROLL,E00171,G000545,14,High,Payroll system has stale country code which may have resulted in incorrect tax withholding calculation.,"Verify and update the country code in payroll for grant G000545 tranche 14, then recalculate tax withholding to ensure compliance."
EXC0138,STALE_COUNTRY,PAYROLL,E00171,G000545,16,High,Payroll system has stale country code which may have resulted in incorrect tax withholding calculation.,"Verify and update the country code in payroll for grant G000545 tranche 16, then recalculate tax withholding to ensure compliance."
EXC0139,STALE_COUNTRY,PAYROLL,E00171,G000546,8,High,Payroll system has stale country code which may have resulted in incorrect tax withholding calculation.,"Verify and update the country code in payroll for grant G000546 tranche 8, then recalculate tax withholding to ensure compliance."
EXC0140,STALE_COUNTRY,PAYROLL,E00171,G000547,6,High,Payroll system has stale country code which may have resulted in incorrect tax withholding calculation.,"Verify and update the country code in payroll for grant G000547 tranche 6, then recalculate tax withholding to ensure compliance."
EXC0141,STALE_COUNTRY,PAYROLL,E00171,G000548,1,High,Payroll system has stale country code which may have resulted in incorrect tax withholding calculation.,"Verify and update the country code in payroll for grant G000548 tranche 1, then recalculate tax withholding to ensure compliance."
EXC0142,WITHHOLDING_ROUNDING,BROKER,E00173,G000550,13,Low,Withholding amount differs by a small rounding amount between broker and payroll systems.,Document the rounding variance for grant G000550 tranche 13 and adjust to the nearest cent if material.
EXC0143,MISSING_PAYROLL,PAYROLL,E00173,G000551,9,High,"No corresponding payroll record exists for a vested tranche, creating a tax reporting and withholding gap.",Create the missing payroll record for grant G000551 tranche 9 with correct FMV and tax withholding calculations.
EXC0144,STALE_FMV_PAYROLL,PAYROLL,E00173,G000552,11,High,Payroll is using stale FMV which may have caused incorrect taxable income and withholding calculation.,Update the FMV in payroll to match the broker FMV of $212.17 and recalculate taxable income and withholding.
EXC0145,DUPLICATE_RELEASE,BROKER,E00178,G000565,3,High,"Broker shows duplicate release of the same tranche, risking double-counting of shares or tax withholding.",Investigate the broker system to identify and remove the duplicate release for grant G000565 tranche 3.
EXC0146,WITHHOLDING_ROUNDING,BROKER,E00180,G000571,4,Low,Withholding amount differs by a small rounding amount between broker and payroll systems.,Document the rounding variance for grant G000571 tranche 4 and adjust to the nearest cent if material.
EXC0147,WITHHOLDING_ROUNDING,BROKER,E00180,G000572,11,Low,Withholding amount differs by a small rounding amount between broker and payroll systems.,Document the rounding variance for grant G000572 tranche 11 and adjust to the nearest cent if material.
EXC0148,MISSING_PAYROLL,PAYROLL,E00180,G000573,7,High,"No corresponding payroll record exists for a vested tranche, creating a tax reporting and withholding gap.",Create the missing payroll record for grant G000573 tranche 7 with correct FMV and tax withholding calculations.
EXC0149,WITHHOLDING_ROUNDING,BROKER,E00181,G000575,3,Low,Withholding amount differs by a small rounding amount between broker and payroll systems for a terminated employee.,Document the rounding variance for grant G000575 tranche 3 and adjust to the nearest cent if material.
EXC0150,POST_TERM_RELEASE,BROKER,E00181,G000577,4,High,"Shares were released after employee termination, which may violate vesting schedules or forfeiture rules.",Investigate whether the post-termination release for grant G000577 tranche 4 was authorized and correct any tax or share accounting impact.
EXC0151,WITHHOLDING_ROUNDING,BROKER,E00185,G000590,2,Low,Broker and payroll systems calculated tax withholding with different rounding methods on the same vested tranche.,Verify the rounding difference is within tolerance (typically ±$1–2) and close if acceptable; otherwise recalculate using company standard.
EXC0152,DUPLICATE_RELEASE,BROKER,E00185,G000590,3,High,"Broker recorded a duplicate release of the same tranche, risking duplicate tax withholding and share leakage.",Immediately review broker records and payroll to identify which release is legitimate and reverse the duplicate entry.
EXC0153,ID_FORMAT_MISMATCH,PAYROLL,00185,G000592,10,Medium,"Grant ID format in payroll does not match broker format, preventing automatic reconciliation.",Standardize grant ID format in payroll to match broker convention and retest matching logic.
EXC0154,WITHHOLDING_ROUNDING,BROKER,E00185,G000593,2,Low,Broker and payroll systems calculated tax withholding with different rounding methods on the same vested tranche.,Verify the rounding difference is within tolerance and close if acceptable; otherwise recalculate using company standard.
EXC0155,MISSING_PAYROLL,PAYROLL,E00188,G000601,6,High,"Payroll record is missing tax withholding data despite broker confirming share vesting, creating compliance risk.",Contact payroll to locate or regenerate the missing withholding record for this tranche before payroll cutoff.
EXC0156,DUPLICATE_RELEASE,BROKER,E00188,G000601,13,High,"Broker recorded a duplicate release of the same tranche, risking duplicate tax withholding and share leakage.",Immediately review broker records and payroll to identify which release is legitimate and reverse the duplicate entry.
EXC0157,ID_FORMAT_MISMATCH,PAYROLL,00190,G000608,1,Medium,"Grant ID format in payroll does not match broker format, preventing automatic reconciliation.",Standardize grant ID format in payroll to match broker convention and retest matching logic.
EXC0158,STALE_COUNTRY,PAYROLL,E00190,G000608,3,Medium,Payroll record contains an outdated or incorrect country code that may affect tax calculation and compliance.,Update the employee country code in payroll to match current employee location and re-verify tax withholding.
EXC0159,STALE_COUNTRY,PAYROLL,E00190,G000608,4,Medium,Payroll record contains an outdated or incorrect country code that may affect tax calculation and compliance.,Update the employee country code in payroll to match current employee location and re-verify tax withholding.
EXC0160,STALE_COUNTRY,PAYROLL,E00190,G000608,5,Medium,Payroll record contains an outdated or incorrect country code that may affect tax calculation and compliance.,Update the employee country code in payroll to match current employee location and re-verify tax withholding.
EXC0161,STALE_FMV_PAYROLL,PAYROLL,E00190,G000608,6,High,"Payroll is using a stale FMV for tax withholding calculation, resulting in incorrect tax amount.",Update payroll FMV to match broker FMV of 43.9 and recalculate tax withholding to correct the discrepancy.
EXC0162,STALE_COUNTRY,PAYROLL,E00190,G000608,11,Medium,Payroll record contains an outdated or incorrect country code that may affect tax calculation and compliance.,Update the employee country code in payroll to match current employee location and re-verify tax withholding.
EXC0163,STALE_COUNTRY,PAYROLL,E00190,G000608,16,Medium,Payroll record contains an outdated or incorrect country code that may affect tax calculation and compliance.,Update the employee country code in payroll to match current employee location and re-verify tax withholding.
EXC0164,STALE_COUNTRY,PAYROLL,E00190,G000609,1,Medium,Payroll record contains an outdated or incorrect country code that may affect tax calculation and compliance.,Update the employee country code in payroll to match current employee location and re-verify tax withholding.
EXC0165,STALE_COUNTRY,PAYROLL,E00190,G000609,3,Medium,Payroll record contains an outdated or incorrect country code that may affect tax calculation and compliance.,Update the employee country code in payroll to match current employee location and re-verify tax withholding.
EXC0166,STALE_COUNTRY,PAYROLL,E00190,G000609,4,Medium,Payroll record contains an outdated or incorrect country code that may affect tax calculation and compliance.,Update the employee country code in payroll to match current employee location and re-verify tax withholding.
EXC0167,STALE_COUNTRY,PAYROLL,E00190,G000609,7,Medium,Payroll record contains an outdated or incorrect country code that may affect tax calculation and compliance.,Update the employee country code in payroll to match current employee location and re-verify tax withholding.
EXC0168,STALE_COUNTRY,PAYROLL,E00190,G000609,8,Medium,Payroll record contains an outdated or incorrect country code that may affect tax calculation and compliance.,Update the employee country code in payroll to match current employee location and re-verify tax withholding.
EXC0169,STALE_COUNTRY,PAYROLL,E00190,G000610,1,Medium,Payroll record contains an outdated or incorrect country code that may affect tax calculation and compliance.,Update the employee country code in payroll to match current employee location and re-verify tax withholding.
EXC0170,STALE_COUNTRY,PAYROLL,E00190,G000610,11,Medium,Payroll record contains an outdated or incorrect country code that may affect tax calculation and compliance.,Update the employee country code in payroll to match current employee location and re-verify tax withholding.
EXC0171,STALE_COUNTRY,PAYROLL,E00190,G000611,2,Medium,Payroll record contains an outdated or incorrect country code that may affect tax calculation and compliance.,Update the employee country code in payroll to match current employee location and re-verify tax withholding.
EXC0172,DUPLICATE_RELEASE,BROKER,E00191,G000614,8,High,"Broker recorded a duplicate release of the same tranche, risking duplicate tax withholding and share leakage.",Immediately review broker records and payroll to identify which release is legitimate and reverse the duplicate entry.
EXC0173,MISSING_PAYROLL,PAYROLL,E00192,G000619,12,High,"Payroll record is missing tax withholding data despite broker confirming share vesting, creating compliance risk.",Contact payroll to locate or regenerate the missing withholding record for this tranche before payroll cutoff.
EXC0174,WITHHOLDING_ROUNDING,BROKER,E00197,G000630,5,Low,Broker and payroll systems calculated tax withholding with different rounding methods on the same vested tranche.,Verify the rounding difference is within tolerance and close if acceptable; otherwise recalculate using company standard.
EXC0175,WITHHOLDING_ROUNDING,BROKER,E00199,G000636,11,Low,Broker and payroll systems calculated tax withholding with different rounding methods on the same vested tranche.,Verify the rounding difference is within tolerance and close if acceptable; otherwise recalculate using company standard.
EXC0176,POST_TERM_RELEASE,BROKER,E00200,G000642,1,High,"Post-termination RSU release lacks payroll tax withholding confirmation for terminated employee, creating potential tax compliance gap.",Verify termination date and confirm tax withholding was processed in final paycheck or as separate tax payment before share release.
EXC0177,WITHHOLDING_ROUNDING,BROKER,E00201,G000643,2,Low,"Rounding difference between broker (20 shares × $134.25 = $2,685) and payroll reported taxable income ($5,638.50) is a minor penny-level variation.",Document rounding tolerance as acceptable; no action needed if within normal ±$2 variance threshold.
EXC0178,MISSING_PAYROLL,PAYROLL,E00201,G000644,5,High,"Broker shows 21 vested shares worth $3,785.25 but payroll system has no corresponding taxable income record, creating untracked tax liability.",Contact payroll immediately to locate or recreate the missing tax calculation entry for this vesting event.
EXC0179,WITHHOLDING_ROUNDING,BROKER,E00204,G000659,8,Low,"Rounding difference in withholding calculation (expected ~$6,416.96, actual $6,416.96 is exact match); appears to be reference-only noise.",Confirm no actual discrepancy exists; close as data quality artifact if broker and payroll amounts align within rounding tolerance.
EXC0180,POST_TERM_RELEASE,BROKER,E00205,G000662,16,High,Terminated employee post-release vesting with high tax withholding amount requires verification that tax was properly collected before share delivery.,"Cross-check termination date, confirm withholding ($2,379.91) was applied, and verify share release authorization is documented."
EXC0181,STALE_FMV_PAYROLL,PAYROLL,E00206,G000668,5,Medium,"Payroll FMV ($121.67 per broker) does not match the FMV used in payroll's tax calculation, indicating stale pricing in payroll system.","Update payroll system with current broker FMV and recalculate taxable income to match broker's $1,216.70 base (10 shares × $121.67)."
EXC0182,STALE_FMV_PAYROLL,PAYROLL,E00206,G000669,1,Medium,Payroll FMV ($121.67) appears stale relative to broker; tax calculation may be based on outdated fair market value.,Sync payroll FMV to broker's $121.67 price and revalidate taxable income and withholding alignment.
EXC0183,ID_FORMAT_MISMATCH,PAYROLL,00208,G000676,4,Medium,Grant ID format mismatch between payroll and broker systems prevents automated matching and may cause reconciliation loops.,"Standardize grant ID format (e.g., normalize G000676 prefix) and rerun matching logic in payroll system."
EXC0184,ID_FORMAT_MISMATCH,PAYROLL,00210,G000682,11,Medium,Grant ID format inconsistency across systems blocks data linkage for this large vesting event (93 shares).,Correct grant ID format mismatch in payroll system to enable proper reconciliation with broker record.
EXC0185,MISSING_PAYROLL,PAYROLL,E00210,G000683,2,High,"Broker shows 65 vested shares worth $8,572.20 with no payroll tax record, creating untracked tax obligation for active employee.",Request payroll to create missing taxable income entry for this vesting event immediately to avoid tax filing errors.
EXC0186,MISSING_PAYROLL,PAYROLL,E00212,G000692,2,High,"Missing payroll tax record for 8 vested shares (worth $1,699.60) leaves tax withholding unprocessed for active employee.",Escalate to payroll to generate taxable income and withholding entries before next payroll cycle.
EXC0187,ID_FORMAT_MISMATCH,PAYROLL,00214,G000697,6,Medium,Payroll grant ID format mismatch prevents reliable data matching despite having all withholding details present.,Align payroll's grant ID format with broker's (G000697) and verify no duplicate tax entries were created.
EXC0188,STALE_FMV_PAYROLL,PAYROLL,E00215,G000700,7,Medium,"Payroll FMV ($180.25) used for tax calculation does not match current broker FMV, resulting in stale taxable income basis.",Confirm broker FMV currency and update payroll to use matching FMV for any future recalculation if needed.
EXC0189,WITHHOLDING_ROUNDING,BROKER,E00217,G000705,4,Low,"Minor rounding variance in withholding (48 shares × $176.29 = $8,461.92 taxable, actual $8,461.92 is match).",Validate that broker and payroll withholding amounts are within acceptable rounding tolerance and close if matched.
EXC0190,STALE_FMV_PAYROLL,PAYROLL,E00218,G000707,14,Medium,Large vesting event (427 shares) with stale FMV in payroll; tax calculation basis may be significantly misstated.,"Immediately update payroll FMV to broker's $212.45 and recalculate taxable income ($90,767.15) and withholding."
EXC0191,STALE_FMV_PAYROLL,PAYROLL,E00219,G000713,2,Medium,Payroll FMV ($212.45) is stale or misaligned with broker; impacts tax basis for 21-share vesting.,"Confirm current broker FMV and sync payroll pricing; revalidate taxable income ($4,451.45 expected)."
EXC0192,WITHHOLDING_ROUNDING,BROKER,E00227,G000730,9,Low,Withholding rounding difference is minor penny-level variation typical of broker-to-payroll reconciliation.,Confirm difference is within standard ±$5 rounding tolerance and close as acceptable variance.
EXC0193,ID_FORMAT_MISMATCH,PAYROLL,00227,G000731,7,Medium,Grant ID format mismatch in payroll prevents automatic reconciliation with broker system.,Standardize grant ID format in payroll to G000731 and re-attempt matching with broker record.
EXC0194,ID_FORMAT_MISMATCH,PAYROLL,00231,G000744,4,Medium,Large share count (180) with grant ID format mismatch creates reconciliation and audit trail risk.,Correct payroll grant ID format to G000744 and verify tax withholding accuracy for high-volume vesting.
EXC0195,POST_TERM_RELEASE,BROKER,E00232,G000750,2,High,Terminated employee post-release with substantial vesting (69 shares) requires confirmation tax was withheld and shares properly authorized for release.,"Verify termination date, confirm tax withholding ($6,596.57), and validate share release was processed according to plan."
EXC0196,WITHHOLDING_ROUNDING,BROKER,E00234,G000754,3,High,Large post-termination vesting (814 shares) with terminated employee status requires verification of tax withholding and release authorization.,"Confirm termination effective date, verify final tax withholding ($14,293.84) was applied, and ensure release is plan-compliant."
EXC0197,POST_TERM_RELEASE,BROKER,E00234,G000755,8,High,"Significant post-termination RSU release (176 shares valued $31,027) requires validation that tax withholding was properly collected.","Cross-check termination date and confirm withholding ($12,410.82) was processed in final paycheck before release."
EXC0198,MISSING_PAYROLL,PAYROLL,E00236,G000759,12,High,"Broker shows 73 vested shares ($12,869.17 value) but payroll has no corresponding tax entry, creating tax liability gap.",Urgently request payroll to create missing taxable income and withholding records for this large vesting event.
EXC0199,STALE_FMV_PAYROLL,PAYROLL,E00236,G000760,5,Medium,Payroll FMV ($121.67) appears stale relative to broker records; tax calculation basis may be outdated.,"Update payroll FMV and revalidate taxable income ($2,311.73 expected for 19 shares) and withholding alignment."
EXC0200,MISSING_PAYROLL,PAYROLL,E00239,G000768,11,High,"Broker shows 36 vested shares worth $6,399.00 but payroll has no corresponding tax record, leaving tax obligation untracked.",Immediately escalate to payroll to create missing taxable income and withholding entries before next payroll cycle.
EXC0201,STALE_FMV_PAYROLL,PAYROLL,E00239,G000770,6,High,"Payroll FMV is stale and does not match broker FMV (212.45), causing potential tax withholding miscalculation on vested shares.",Verify the FMV date used in payroll against broker settlement date and recalculate tax withholding if FMV is outdated.
EXC0202,STALE_FMV_PAYROLL,PAYROLL,E00240,G000773,12,High,"Payroll FMV is stale compared to broker FMV (176.29), creating tax withholding accuracy risk.",Update payroll FMV to match broker value and recalculate withholding obligation for compliance.
EXC0203,WITHHOLDING_ROUNDING,BROKER,E00242,G000780,2,Low,Withholding rounding difference of less than 1% between broker and payroll calculations.,Document rounding tolerance and confirm it falls within acceptable variance policy; no corrective action needed if within threshold.
EXC0204,POST_TERM_RELEASE,BROKER,E00243,G000782,8,High,"Broker released shares after employee termination, violating post-termination vesting restrictions.",Immediately investigate broker release authorization and recovery timeline; determine if forfeiture should have applied.
EXC0205,STALE_FMV_PAYROLL,PAYROLL,E00244,G000784,4,High,Large tranche (241 shares) with stale payroll FMV; material withholding error risk on high-value release.,Recalculate tax withholding using current FMV and verify payroll processing matches corrected amount; escalate if difference exceeds threshold.
EXC0206,STALE_FMV_PAYROLL,PAYROLL,E00245,G000788,8,High,"Payroll FMV is stale relative to broker FMV (48.89), risking incorrect tax withholding on active vesting.",Align payroll FMV with broker settlement data and reprocess withholding calculation immediately.
EXC0207,WITHHOLDING_ROUNDING,BROKER,E00247,G000795,1,Low,Minor rounding variance in withholding calculation due to FMV decimal precision (87.837).,Confirm rounding methodology is consistently applied; no action required if variance is immaterial.
EXC0208,ID_FORMAT_MISMATCH,PAYROLL,00247,G000795,2,Medium,Grant ID format mismatch between payroll and broker systems prevents accurate reconciliation.,Standardize grant ID format across systems and update mapping to ensure consistent identification.
EXC0209,MISSING_PAYROLL,PAYROLL,E00247,G000795,7,High,"Payroll has no tax withholding record despite 25 shares vesting, indicating missing tax processing.",Investigate why payroll withholding was not recorded and calculate/retroactively process withholding obligation.
EXC0210,ID_FORMAT_MISMATCH,PAYROLL,00248,G000799,7,Medium,Grant ID format mismatch prevents linking payroll withholding to broker release record.,Verify and correct grant ID format in payroll system to match broker identifier.
EXC0211,ID_FORMAT_MISMATCH,PAYROLL,00248,G000799,15,Medium,Grant ID format mismatch on high-tranche release creates reconciliation blocking issue.,Normalize grant ID formatting between systems and verify all related withholding records match.
EXC0212,DUPLICATE_RELEASE,BROKER,E00250,G000805,9,High,"Duplicate share release detected on broker side for active employee, creating overpayment and withholding liability.",Identify which release is erroneous and reverse the duplicate; recalculate withholding based on single correct release.
EXC0213,DUPLICATE_RELEASE,BROKER,E00250,G000807,5,High,Duplicate release of 13 shares on broker creates double-counting of vested shares and tax withholding exposure.,Confirm actual vesting date and remove duplicate broker release record; adjust withholding if shares were double-taxed.
EXC0214,ID_FORMAT_MISMATCH,PAYROLL,00251,G000809,4,Medium,Grant ID format mismatch on large tranche (91 shares) blocks data matching between systems.,Correct grant ID format in payroll and verify all 91 shares are properly reflected in withholding records.
EXC0215,STALE_FMV_PAYROLL,PAYROLL,E00255,G000822,14,High,"Stale payroll FMV on material tranche (49 shares, $5.6K taxable income) creates withholding compliance risk.",Update FMV and recalculate withholding; audit whether employee was over/under-withheld and correct in next payroll cycle.
EXC0216,DUPLICATE_RELEASE,BROKER,E00255,G000823,4,High,Duplicate release on broker system for active employee creates overpayment and potential forfeiture leakage.,Verify broker release records and remove duplicate; reconcile withholding and assess if second release was unauthorized.
EXC0217,MISSING_PAYROLL,PAYROLL,E00255,G000823,15,High,"14 shares vested but no payroll withholding record exists, indicating missed tax processing on tranche.",Calculate withholding liability for missing tranche and determine if retroactive processing or catch-up withholding is required.
EXC0218,ID_FORMAT_MISMATCH,PAYROLL,00259,G000833,1,Medium,Grant ID format mismatch on small-cap FMV tranche prevents accurate system linkage.,Standardize grant ID format in payroll and relink to broker records.
EXC0219,DUPLICATE_RELEASE,BROKER,E00259,G000835,12,High,Duplicate share release of 21 shares on broker creates double taxation and payroll liability.,Identify and remove duplicate broker release; recalculate withholding and refund overpaid taxes if applicable.
EXC0220,WITHHOLDING_ROUNDING,BROKER,E00261,G000840,2,Low,Minor withholding rounding difference on fractional FMV (24.228) within normal variance.,Verify rounding is applied consistently; document immaterial variance and close exception.
EXC0221,WITHHOLDING_ROUNDING,BROKER,E00263,G000845,3,Medium,Withholding rounding variance on terminated employee; verify termination date is correctly applied.,Confirm termination date and whether withholding should be final; document rounding variance if within policy.
EXC0222,POST_TERM_RELEASE,BROKER,E00263,G000845,4,High,Post-termination share release detected for terminated employee; violates vesting freeze policy.,Investigate broker release authorization post-termination and determine forfeiture recovery timeline.
EXC0223,POST_TERM_RELEASE,BROKER,E00263,G000846,1,High,Share release to terminated employee indicates vesting continued after employment end.,Verify termination date was communicated to broker and reverse post-termination release; recover forfeited shares if applicable.
EXC0224,MISSING_PAYROLL,PAYROLL,E00264,G000849,1,High,"38 shares vested on active grant but no payroll withholding record generated, creating compliance gap.",Calculate tax withholding due on missing tranche and process through payroll immediately.
EXC0225,DUPLICATE_RELEASE,BROKER,E00265,G000851,3,High,"Duplicate release of large tranche (106 shares, $14.2K) creates material double-withholding and potential overpayment.",Remove duplicate broker release record and recalculate net withholding; assess refund obligation if employee was over-taxed.
EXC0226,STALE_FMV_PAYROLL,PAYROLL,E00270,G000870,1,High,"Payroll is using stale FMV that does not match broker's current FMV of 42.653, creating risk of incorrect tax withholding calculation.",Verify payroll's FMV source and update to match broker feed immediately to ensure correct tax withholding on 195 vested shares.
EXC0227,STALE_FMV_PAYROLL,PAYROLL,E00270,G000870,9,High,"Payroll is using stale FMV that does not match broker's current FMV of 141.97, affecting withholding accuracy on a large vesting event.",Reconcile payroll FMV against broker feed and recalculate tax withholding on 195 shares to ensure compliance.
EXC0228,ID_FORMAT_MISMATCH,PAYROLL,00270,G000872,5,Medium,"Grant ID formatting differs between payroll and broker systems, preventing proper matching of the same RSU grant.",Standardize grant ID format across PAYROLL and BROKER systems to resolve the mismatch for G000872.
EXC0229,STALE_FMV_PAYROLL,PAYROLL,E00271,G000875,2,High,"Payroll is using stale FMV that does not match broker's current FMV of 42.653, affecting withholding accuracy.",Update payroll FMV to match broker feed and verify tax withholding is correct for 7 vested shares.
EXC0230,STALE_FMV_PAYROLL,PAYROLL,E00271,G000875,5,High,"Payroll is using stale FMV that does not match broker's current FMV of 87.837, creating withholding discrepancy.",Align payroll FMV with broker source and recalculate withholding for 7 vested shares in tranche 5.
EXC0231,STALE_FMV_PAYROLL,PAYROLL,E00271,G000875,8,High,"Payroll is using stale FMV that does not match broker's current FMV of 134.25, impacting tax calculation accuracy.",Update payroll FMV to match broker and verify tax withholding on 7 vested shares is correct.
EXC0232,DUPLICATE_RELEASE,BROKER,E00272,G000879,12,High,"Broker has released the same tranche twice, creating risk of double-vesting or duplicate share issuance.",Investigate broker record for G000879 tranche 12 and remove the duplicate release entry to prevent forfeited-share leakage.
EXC0233,DUPLICATE_RELEASE,BROKER,E00272,G000881,15,High,"Broker has released the same tranche twice, creating risk of duplicate vesting and share count inflation.",Review broker system for G000881 tranche 15 and delete the duplicate release to prevent share leakage.
EXC0234,DUPLICATE_RELEASE,BROKER,E00273,G000886,12,High,"Broker has released the same tranche twice, creating risk of double vesting on 85 shares.",Identify and remove the duplicate release for G000886 tranche 12 in broker system to prevent share issuance error.
EXC0235,ID_FORMAT_MISMATCH,PAYROLL,00273,G000890,1,Medium,"Grant ID format differs between payroll and broker systems, preventing proper reconciliation.",Standardize grant ID format across systems to match G000890 records and enable accurate reconciliation.
EXC0236,MISSING_PAYROLL,PAYROLL,E00274,G000892,4,High,"Terminated employee's vesting is missing from payroll feed despite broker showing 35 vested shares, creating payroll compliance risk.",Investigate why G000892 tranche 4 is absent from payroll for terminated employee and add missing taxable income and withholding records.
EXC0237,POST_TERM_RELEASE,BROKER,E00274,G000892,13,High,"Broker released shares post-termination (tranche 13) for G000892, violating standard post-employment vesting rules.","Verify termination date against vesting schedule for G000892; if post-term release is invalid, reverse the broker transaction and correct payroll."
EXC0238,POST_TERM_RELEASE,BROKER,E00274,G000894,5,High,"Broker released shares post-termination for a terminated employee, creating payroll compliance and tax withholding risk.","Confirm termination date and vesting eligibility for G000894; if shares should not have vested post-term, reverse broker release and adjust payroll."
EXC0239,WITHHOLDING_ROUNDING,BROKER,E00276,G000898,2,Low,Minor rounding difference in tax withholding calculation is within acceptable tolerance.,"Review withholding rounding policy; if variance is immaterial (<$1), no action needed; otherwise adjust for future payroll runs."
EXC0240,ID_FORMAT_MISMATCH,PAYROLL,00276,G000900,6,Medium,"Grant ID format differs between payroll and broker, preventing accurate record matching.",Standardize G000900 grant ID format across PAYROLL and BROKER to enable proper reconciliation.
EXC0241,STALE_FMV_PAYROLL,PAYROLL,E00277,G000902,5,High,"Payroll is using stale FMV that does not match broker's current FMV of 43.9, creating withholding error risk on large vesting batch.",Update payroll FMV for G000902 tranche 5 to match broker and recalculate withholding on 216 vested shares.
EXC0242,WITHHOLDING_ROUNDING,BROKER,E00281,G000917,1,Low,Minor rounding variance in tax withholding calculation is within acceptable tolerance.,"Review withholding rounding methodology; if variance is <$1, no action needed; otherwise document rounding rule for consistency."
EXC0243,WITHHOLDING_ROUNDING,BROKER,E00281,G000917,3,Low,Minor rounding difference in tax withholding is within acceptable tolerance.,"Document rounding variance for G000917 tranche 3; if material, adjust withholding calculation process for future tranches."
EXC0244,STALE_FMV_PAYROLL,PAYROLL,E00281,G000918,2,High,"Payroll is using stale FMV that does not match broker's current FMV of 212.45, creating tax withholding accuracy risk.",Update payroll FMV for G000918 tranche 2 to match broker and verify withholding calculation on 13 vested shares.
EXC0245,POST_TERM_RELEASE,BROKER,E00284,G000923,16,High,"Broker released shares post-termination for a terminated employee, violating vesting eligibility rules.","Verify termination date for G000923; if shares should not have vested post-term, reverse the broker release and adjust payroll records."
EXC0246,POST_TERM_RELEASE,BROKER,E00284,G000925,8,High,"Broker released shares post-termination for a terminated employee, creating potential payroll and tax compliance error.","Confirm termination date for G000925; if post-term vesting is invalid, reverse broker transaction and correct payroll withholding."
EXC0247,POST_TERM_RELEASE,BROKER,E00284,G000926,4,High,"Broker released shares after employee termination, violating standard vesting policy for separated employees.","Validate termination date against vesting schedule for G000926; if release is unauthorized, reverse it and reconcile payroll."
EXC0248,STALE_COUNTRY,PAYROLL,E00286,G000930,12,Medium,"Payroll employee country field is stale and does not reflect current tax jurisdiction, affecting withholding accuracy.",Update employee country information in payroll for G000930 and recalculate withholding based on current tax jurisdiction.
EXC0249,STALE_COUNTRY,PAYROLL,E00286,G000932,6,Medium,"Payroll country field is stale, potentially causing withholding calculations to use incorrect tax rates.",Verify and update employee country data in payroll for G000932 tranche 6 to ensure correct tax treatment.
EXC0250,STALE_COUNTRY,PAYROLL,E00286,G000932,7,Medium,Payroll country field is stale and may not reflect current tax jurisdiction for withholding calculation.,Update employee country information in payroll for G000932 tranche 7 and recalculate withholding if jurisdiction has changed.
EXC0251,MISSING_PAYROLL,PAYROLL,E00288,G000939,1,High,Vested shares released by broker but no corresponding tax withholding record in payroll system.,Verify broker release confirmation and create missing payroll tax withholding entry for 149 shares at $22.973 FMV for grant G000939.
EXC0252,WITHHOLDING_ROUNDING,BROKER,E00289,G000944,4,Low,Tax withholding amount differs from expected calculation due to rounding in cents.,Document rounding variance ($349.08 × withholding rate ≈ $157.09) and close exception if within acceptable tolerance.
EXC0253,DUPLICATE_RELEASE,BROKER,E00289,G000944,9,High,"Tranche 9 of grant G000944 released twice in broker system, creating duplicate share and tax liability records.",Identify and reverse the duplicate broker release record for grant G000944 tranche 9 to eliminate double-counting of 27 vested shares.
EXC0254,STALE_FMV_PAYROLL,PAYROLL,E00290,G000949,1,High,"Payroll taxable income ($4,266) computed from stale FMV that differs from current broker FMV ($22.973), creating incorrect withholding basis.",Recalculate payroll tax withholding using current broker FMV of $22.973 for 200 shares and reconcile with broker taxable income.
EXC0255,DUPLICATE_RELEASE,BROKER,E00294,G000959,5,High,"Tranche 5 of grant G000959 released twice in broker system, creating duplicate share and tax liability records.",Identify and reverse the duplicate broker release record for grant G000959 tranche 5 to eliminate double-counting of 110 vested shares.
EXC0256,MISSING_PAYROLL,PAYROLL,E00295,G000963,1,High,Vested shares released by broker but no corresponding tax withholding record in payroll system.,Create missing payroll tax withholding entry for 37 shares at $121.67 FMV for grant G000963 tranche 1.
EXC0257,MISSING_PAYROLL,PAYROLL,E00296,G000965,5,High,Terminated employee's vested shares released by broker but no payroll withholding record exists for tax compliance closure.,Create final payroll tax withholding entry for 25 shares at $131.88 FMV for terminated employee on grant G000965 tranche 5.
EXC0258,MISSING_PAYROLL,PAYROLL,E00298,G000970,7,High,Vested shares released by broker but no corresponding tax withholding record in payroll system.,Create missing payroll tax withholding entry for 68 shares at $134.25 FMV for grant G000970 tranche 7.
EXC0259,ID_FORMAT_MISMATCH,PAYROLL,00298,G000972,4,Medium,"Grant ID format in payroll system does not match broker system format, preventing automated reconciliation.",Standardize grant ID format for G000972 across payroll and broker systems to enable proper matching.
EXC0260,STALE_FMV_PAYROLL,PAYROLL,E00299,G000974,3,High,"Payroll taxable income computed from stale FMV that differs from current broker FMV, creating incorrect withholding basis.",Recalculate payroll tax withholding using current broker FMV of $87.837 for 98 shares and reconcile with broker taxable income.
EXC0261,ID_FORMAT_MISMATCH,PAYROLL,00299,G000975,7,Medium,"Grant ID format in payroll system does not match broker system format, preventing automated reconciliation.",Standardize grant ID format for G000975 across payroll and broker systems to enable proper matching.
EXC0262,DUPLICATE_RELEASE,BROKER,E00299,G000975,8,High,"Tranche 8 of grant G000975 released twice in broker system, creating duplicate share and tax liability records.",Identify and reverse the duplicate broker release record for grant G000975 tranche 8 to eliminate double-counting of 28 vested shares.
EXC0263,STALE_FMV_PAYROLL,PAYROLL,E00300,G000980,3,High,"Payroll taxable income computed from stale FMV that differs from current broker FMV, creating incorrect withholding basis.",Recalculate payroll tax withholding using current broker FMV of $212.17 for 15 shares and reconcile with broker taxable income.
EXC0264,DUPLICATE_RELEASE,BROKER,E00301,G000981,4,High,"Tranche 4 of grant G000981 released twice in broker system, creating duplicate share and tax liability records.",Identify and reverse the duplicate broker release record for grant G000981 tranche 4 to eliminate double-counting of 31 vested shares.
EXC0265,ID_FORMAT_MISMATCH,PAYROLL,00304,G000993,3,Medium,"Grant ID format in payroll system does not match broker system format, preventing automated reconciliation.",Standardize grant ID format for G000993 across payroll and broker systems to enable proper matching.
EXC0266,WITHHOLDING_ROUNDING,BROKER,E00306,G000998,14,Low,Tax withholding amount differs from expected calculation due to rounding in cents on large share count.,"Document rounding variance ($75,010.50 × withholding rate ≈ $35,254.93) and close exception if within acceptable tolerance."
EXC0267,DUPLICATE_RELEASE,BROKER,E00308,G001006,5,High,"Tranche 5 of grant G001006 released twice in broker system, creating duplicate share and tax liability records.",Identify and reverse the duplicate broker release record for grant G001006 tranche 5 to eliminate double-counting of 29 vested shares.
EXC0268,POST_TERM_RELEASE,BROKER,E00311,G001015,11,High,"Shares released by broker for terminated employee after termination date, indicating post-termination release outside eligible vesting window.","Verify termination date and vesting schedule; if release was improper, reverse broker transaction and adjust payroll withholding accordingly."
EXC0269,MISSING_PAYROLL,PAYROLL,E00311,G001017,1,High,Terminated employee's vested shares released by broker but no payroll withholding record exists for tax compliance closure.,Create final payroll tax withholding entry for 19 shares at $121.67 FMV for terminated employee on grant G001017 tranche 1.
EXC0270,POST_TERM_RELEASE,BROKER,E00311,G001017,3,High,"Shares released by broker for terminated employee after termination date, indicating post-termination release outside eligible vesting window.","Verify termination date and vesting schedule; if release was improper, reverse broker transaction and adjust payroll withholding accordingly."
EXC0271,STALE_FMV_PAYROLL,PAYROLL,E00312,G001018,6,High,"Payroll taxable income computed from stale FMV that differs from current broker FMV, creating incorrect withholding basis for terminated employee.",Recalculate payroll tax withholding using current broker FMV of $176.29 for 77 shares and reconcile with broker taxable income.
EXC0272,STALE_COUNTRY,PAYROLL,E00312,G001018,7,Medium,"Payroll tax withholding jurisdiction or rate appears inconsistent with employee country record, affecting calculation accuracy.",Verify employee country record for grant G001018 tranche 7 and recompute withholding using correct tax jurisdiction.
EXC0273,POST_TERM_RELEASE,BROKER,E00312,G001018,9,High,"Shares released by broker for terminated employee after termination date, indicating post-termination release outside eligible vesting window.","Verify termination date and vesting schedule; if release was improper, reverse broker transaction and adjust payroll withholding accordingly."
EXC0274,STALE_FMV_PAYROLL,PAYROLL,E00312,G001019,2,High,"Payroll taxable income computed from stale FMV that differs from current broker FMV, creating incorrect withholding basis for terminated employee.",Recalculate payroll tax withholding using current broker FMV of $141.97 for 38 shares and reconcile with broker taxable income.
EXC0275,ID_FORMAT_MISMATCH,PAYROLL,00312,G001019,3,Medium,"Grant ID format in payroll system does not match broker system format, preventing automated reconciliation.",Standardize grant ID format for G001019 across payroll and broker systems to enable proper matching.
EXC0276,STALE_COUNTRY,PAYROLL,E00312,G001019,5,High,Terminated employee with stale country data in payroll may have incorrect tax withholding applied due to missing or outdated tax jurisdiction information.,Verify the employee's final tax jurisdiction and recalculate withholding; confirm termination date aligns with vesting release on broker.
EXC0277,STALE_FMV_PAYROLL,PAYROLL,E00312,G001019,6,High,"Payroll is using stale FMV while broker shows current FMV, creating a taxable income mismatch for a terminated employee that may result in incorrect withholding.",Reconcile FMV values and recalculate tax withholding using the correct broker FMV of 212.45; verify payroll has processed the termination vesting correctly.
EXC0278,STALE_COUNTRY,PAYROLL,E00312,G001020,1,High,Terminated employee with stale country data in payroll may result in incorrect tax treatment and withholding calculation.,Confirm the employee's final tax jurisdiction at termination and recalculate withholding accordingly.
EXC0279,POST_TERM_RELEASE,BROKER,E00312,G001020,3,High,"Broker released shares post-termination but payroll may not have captured this as a final vesting event, risking incomplete tax processing.",Verify that payroll has recorded the post-termination release as a final vesting event and confirm all tax withholding has been applied correctly.
EXC0280,POST_TERM_RELEASE,BROKER,E00313,G001021,10,High,"Broker released shares after employee termination but payroll records may not reflect this final vesting, creating potential tax and compliance gaps.",Ensure payroll system captures this post-termination vesting release and verify final tax withholding matches the broker vesting amount and FMV.
EXC0281,STALE_FMV_PAYROLL,PAYROLL,E00314,G001024,1,High,"Payroll is using stale FMV for an active employee, causing taxable income and withholding calculations to be based on outdated share price.",Update payroll FMV to match broker's current FMV of 13.1912 and recalculate and correct the tax withholding amount.
EXC0282,STALE_FMV_PAYROLL,PAYROLL,E00314,G001027,9,High,"Payroll is using stale FMV for an active employee's vesting, causing incorrect taxable income and withholding calculations.",Sync payroll FMV with broker's current value and recalculate tax withholding to ensure correct compensation processing.
EXC0283,POST_TERM_RELEASE,BROKER,E00316,G001034,2,High,"Broker released shares post-termination but payroll records may not have captured this as a final vesting event, creating tax processing risk.",Verify payroll has recorded the post-termination release as final vesting and confirm all required tax withholding has been processed and remitted.
EXC0284,DUPLICATE_RELEASE,BROKER,E00317,G001036,5,High,"Duplicate release detected on broker for an active employee, creating risk of double-counting vested shares and double-withholding taxes.",Identify and remove the duplicate release record in broker; recalculate cumulative vested shares and adjust payroll withholding if overcollected.
EXC0285,STALE_FMV_PAYROLL,PAYROLL,E00319,G001043,1,High,"Payroll is using stale FMV for an active employee, causing taxable income and withholding to be based on outdated share pricing.",Update payroll to use current broker FMV of 121.67 and recalculate tax withholding to reflect the correct compensation value.
EXC0286,DUPLICATE_RELEASE,BROKER,E00319,G001044,3,High,Duplicate release recorded on broker for an active employee creates risk of double-counting shares and over-withholding taxes.,Identify and deactivate the duplicate release in broker; recalculate net vested shares and true-up payroll withholding if taxes were overcollected.
EXC0287,WITHHOLDING_ROUNDING,BROKER,E00320,G001045,6,Medium,"Minor rounding difference in withholding calculation for terminated employee, likely due to different rounding methods between broker and payroll systems.",Document the rounding variance and confirm it is within acceptable tolerance; verify final withholding aligns with payroll policy.
EXC0288,POST_TERM_RELEASE,BROKER,E00320,G001047,11,High,"Broker released shares post-termination for large vesting amount but payroll may not have processed this as a final vesting event, risking incomplete tax treatment.",Ensure payroll records this post-termination release with correct FMV and taxable income; verify all withholding has been collected and remitted.
EXC0289,MISSING_PAYROLL,PAYROLL,E00323,G001055,6,High,"Payroll record is completely missing taxable income and withholding amounts for this active employee's vesting, creating compliance and audit risk.",Populate missing payroll taxable income and withholding data using broker FMV of 212.45 and 23 vested shares; recalculate and process any adjustments.
EXC0290,ID_FORMAT_MISMATCH,PAYROLL,00326,G001059,14,Medium,Grant ID format mismatch between systems is a data-quality issue that prevents proper reconciliation despite having valid vesting and withholding amounts.,Standardize the grant ID format across HRIS and payroll to match broker's format; verify the underlying vesting and tax data are correct.
EXC0291,ID_FORMAT_MISMATCH,PAYROLL,00328,G001066,8,Medium,Grant ID format inconsistency between payroll and broker systems prevents proper matching despite having complete vesting and withholding data.,Correct the grant ID format in payroll to align with broker standard; confirm all underlying vesting and tax amounts are accurate.
EXC0292,WITHHOLDING_ROUNDING,BROKER,E00328,G001067,4,Low,"Minor rounding difference in withholding calculation for active employee, likely from different rounding methodologies between broker and payroll.",Verify the rounding variance is immaterial and within acceptable tolerance; no adjustment needed unless it exceeds policy thresholds.
EXC0293,ID_FORMAT_MISMATCH,PAYROLL,00329,G001072,11,Medium,Grant ID format mismatch in payroll prevents proper system matching despite having complete vesting and withholding transaction data.,Standardize grant ID format in payroll to match broker's convention; validate that underlying vesting amounts and tax calculations are correct.
EXC0294,STALE_FMV_PAYROLL,PAYROLL,E00331,G001078,7,High,"Payroll is using stale FMV for an active employee, causing taxable income and withholding to be calculated on outdated share price.",Update payroll FMV to broker's current value of 212.17 and recalculate tax withholding to ensure correct gross-up and net-settlement.
EXC0295,STALE_FMV_PAYROLL,PAYROLL,E00333,G001086,7,High,"Payroll is using stale FMV for a terminated employee's final vesting, causing potential understatement of taxable income and withholding.",Recalculate using broker FMV of 119.1 and verify that final tax withholding is correct for this terminated employee's vesting event.
EXC0296,POST_TERM_RELEASE,BROKER,E00333,G001088,3,High,"Broker released shares post-termination for terminated employee but payroll may not have captured this as a final vesting event, creating tax compliance risk.",Confirm payroll has recorded the post-termination vesting release and verify final withholding is complete and correct.
EXC0297,ID_FORMAT_MISMATCH,PAYROLL,00334,G001089,5,Medium,Grant ID format mismatch in payroll system prevents proper reconciliation although vesting and withholding data appear present.,Correct grant ID format in payroll to align with broker; validate that the vesting shares and tax withholding amounts are accurate.
EXC0298,DUPLICATE_RELEASE,BROKER,E00334,G001090,8,High,"Duplicate release detected on broker for terminated employee, creating risk of double-counting final vesting shares and over-withholding taxes.",Identify and remove the duplicate release in broker; recalculate the employee's final vesting and adjust payroll withholding if overcollected.
EXC0299,POST_TERM_RELEASE,BROKER,E00334,G001091,12,High,"Broker released shares post-termination with large vesting amount but payroll may not have processed this as a final vesting event, risking incomplete tax treatment.",Verify payroll has recorded this post-termination vesting release with correct FMV and verify all final withholding has been applied and remitted.
EXC0300,ID_FORMAT_MISMATCH,PAYROLL,00335,G001095,9,Medium,Grant ID format mismatch between payroll and broker prevents proper system reconciliation despite having complete vesting and tax data.,Standardize grant ID format in payroll to match broker; confirm that vesting shares and withholding amounts are accurately recorded.
EXC0301,STALE_FMV_PAYROLL,PAYROLL,E00339,G001112,2,High,"Payroll is using a stale FMV that differs from the broker's current FMV, causing incorrect taxable income calculation and tax withholding amount.","Verify the vesting date and obtain the correct FMV from the broker for tranche 2 of G001112, then recalculate and correct payroll tax withholding."
EXC0302,ID_FORMAT_MISMATCH,PAYROLL,00352,G001146,2,Medium,Grant ID format in payroll does not match the standard format used in HRIS and broker systems.,Standardize the grant ID format in payroll to match G001146 and verify the record links correctly across all three systems.
EXC0303,DUPLICATE_RELEASE,BROKER,E00352,G001147,3,High,"Broker has released the same tranche twice, creating a duplicate vesting event and potential overpayment of shares.","Contact broker to identify which release is the duplicate, reverse the incorrect release, and reconcile share count and tax withholding with payroll."
EXC0304,POST_TERM_RELEASE,BROKER,E00354,G001153,4,High,"Broker released shares for a terminated employee after termination date, violating RSU forfeiture rules and creating potential tax and compliance issues.","Immediately verify termination date against vesting date; if release is invalid, reverse it and recover the shares from the employee's account."
EXC0305,POST_TERM_RELEASE,BROKER,E00358,G001166,6,High,"Broker released a large number of shares for a terminated employee post-termination, indicating possible forfeiture violation and tax leakage.","Verify termination date is before vesting date; if release is invalid, reverse it immediately and reconcile tax withholding to prevent compliance violations."
EXC0306,WITHHOLDING_ROUNDING,BROKER,E00359,G001168,2,Low,Payroll tax withholding amount differs from broker calculation due to rounding of fractional cents in withholding formula.,"Compare the withholding calculation methods; if difference is under $2, document as acceptable rounding variance and move forward."
EXC0307,DUPLICATE_RELEASE,BROKER,E00360,G001170,3,High,"Broker has released the same tranche twice for a terminated employee, creating duplicate vesting and potential forfeiture leakage.",Identify and reverse the duplicate release on G001170 tranche 3; verify that only the valid release was processed and tax withheld correctly.
EXC0308,POST_TERM_RELEASE,BROKER,E00360,G001170,10,High,"Broker released shares on a much later tranche (10 vs 3) for a terminated employee, indicating possible post-termination vesting violation.","Verify the employee's termination date against tranche 10 vesting date; if invalid, reverse the release and investigate why this tranche was released."
EXC0309,STALE_FMV_PAYROLL,PAYROLL,E00361,G001174,8,High,"Payroll is using a stale FMV significantly different from broker's current FMV, causing substantial understatement of taxable income and tax withholding.","Obtain correct FMV from broker for G001174 tranche 8 vesting date, recalculate taxable income and tax withholding, and issue corrected payroll records."
EXC0310,POST_TERM_RELEASE,BROKER,E00362,G001178,2,High,"Broker released shares after the employee's termination date, violating RSU vest-on-termination rules and creating forfeiture leakage.","Confirm termination date of employee; if prior to vesting date, reverse the release immediately and recover shares."
EXC0311,POST_TERM_RELEASE,BROKER,E00365,G001184,11,High,"Broker released shares on a late tranche for a terminated employee, indicating post-termination vesting that should have been forfeited.","Verify termination date is before G001184 tranche 11 vesting date; if so, reverse the release and reconcile payroll records."
EXC0312,POST_TERM_RELEASE,BROKER,E00365,G001186,5,High,"Broker released shares for a terminated employee, creating potential forfeiture violation depending on termination vs. vesting date timing.","Verify termination date against tranche 5 vesting date; if terminated before vesting, reverse the release and investigate."
EXC0313,DUPLICATE_RELEASE,BROKER,E00367,G001190,2,High,"Broker released the same tranche twice for an active employee, resulting in duplicate shares and incorrect taxable income.","Reverse the duplicate release on G001190 tranche 2, confirm the employee received only one share allotment, and recalculate tax withholding."
EXC0314,ID_FORMAT_MISMATCH,PAYROLL,00367,G001190,4,Medium,Grant ID format in payroll does not match the standard format used in HRIS and broker systems.,Standardize grant ID format in payroll to match G001190 and verify the record reconciles across all systems for both tranches.
EXC0315,MISSING_PAYROLL,PAYROLL,E00368,G001194,4,High,"Broker reports vested shares but payroll has no corresponding taxable income or tax withholding record, creating a compliance gap.","Contact payroll immediately to locate or create the missing payroll transaction for G001194 tranche 4; if missing, calculate and process back tax withholding."
EXC0316,WITHHOLDING_ROUNDING,BROKER,E00369,G001199,2,Low,Payroll tax withholding amount differs from broker calculation due to rounding of fractional cents in the withholding formula.,"Verify both calculations are mathematically correct; if difference is under $2, document as acceptable rounding and proceed."
EXC0317,WITHHOLDING_ROUNDING,BROKER,E00369,G001199,10,Low,Payroll tax withholding differs from broker calculation due to rounding of fractional cents in withholding formula application.,"Compare both withholding calculation methods to confirm rounding is the only difference; if acceptable variance, document and move forward."
EXC0318,STALE_FMV_PAYROLL,PAYROLL,E00369,G001200,10,High,"Payroll is using a stale FMV substantially lower than broker's current FMV, causing significant understatement of taxable income and underpayment of taxes.","Obtain the correct FMV from broker for G001200 tranche 10, recalculate taxable income, and issue corrected payroll and tax withholding."
EXC0319,POST_TERM_RELEASE,BROKER,E00370,G001204,5,High,"Broker released shares after employee termination date, creating forfeiture violation and potential tax compliance issue.","Verify termination date is before G001204 tranche 5 vesting; if so, reverse the release immediately and reconcile payroll."
EXC0320,DUPLICATE_RELEASE,BROKER,E00371,G001205,4,High,"Broker released the same tranche twice for a terminated employee, creating duplicate shares and forfeiture/leakage risk.","Reverse the duplicate release on G001205 tranche 4, verify the employee's share balance is correct, and reconcile tax withholding."
EXC0321,POST_TERM_RELEASE,BROKER,E00371,G001205,5,High,"Broker released shares on tranche 5 for a terminated employee, indicating possible post-termination vesting that violates forfeiture rules.","Verify termination date is before tranche 5 vesting date; if so, reverse this release and reconcile both releases for G001205."
EXC0322,WITHHOLDING_ROUNDING,BROKER,E00374,G001209,3,Low,Payroll tax withholding differs from broker calculation due to rounding of fractional cents in the withholding formula.,"Verify both calculations are correct; if the difference is under $2, document as acceptable rounding variance and proceed."
EXC0323,WITHHOLDING_ROUNDING,BROKER,E00374,G001209,13,Low,Payroll tax withholding amount differs from broker calculation due to rounding of fractional cents in withholding formula application.,"Compare both calculations to confirm rounding is the only discrepancy; if acceptable variance, document and move forward."
EXC0324,MISSING_PAYROLL,PAYROLL,E00374,G001210,9,High,"Broker reports vested shares but payroll has no corresponding taxable income or tax withholding record, creating a compliance and audit gap.","Locate or create the missing payroll record for G001210 tranche 9; if not found, calculate back taxes and process immediately."
EXC0325,POST_TERM_RELEASE,BROKER,E00376,G001214,4,High,"Broker released a large number of shares for a terminated employee, indicating possible post-termination vesting that violates forfeiture rules.","Verify termination date is before G001214 tranche 4 vesting; if terminated before vesting, reverse the release and investigate payroll for duplicate tax withholding."
EXC0326,MISSING_PAYROLL,PAYROLL,E00380,G001228,2,High,"Terminated employee with vested shares missing from payroll feed, creating risk of forfeited-share leakage and incomplete tax reporting.","Verify with Payroll whether vested shares for terminated employee G001228 tranche 2 were processed; if missed, add retroactive payroll entry to capture tax withholding on 240 shares at $119.10 FMV."
EXC0327,POST_TERM_RELEASE,BROKER,E00382,G001236,9,High,"Broker released shares post-termination (50 vested shares at $180.25) with payroll tax recorded, but release timing may violate post-termination payout policy.","Confirm with Broker and HR that post-termination release of G001236 tranche 9 complies with termination agreement and that tax withholding of $4,235.88 is correctly calculated."
EXC0328,POST_TERM_RELEASE,BROKER,E00382,G001237,5,High,"Broker released shares post-termination (19 vested shares at $180.25) with payroll tax recorded, creating potential compliance gap on post-termination payout timing.","Verify with Broker and HR that post-termination release of G001237 tranche 5 adheres to termination policy and that tax withholding of $1,609.63 is accurately applied."
EXC0329,STALE_FMV_PAYROLL,PAYROLL,E00386,G001249,3,Medium,Payroll is using stale FMV for tax calculation; broker shows current FMV of $212.45 but payroll taxable income suggests an outdated price was used.,"Reconcile payroll's FMV assumption for G001249 tranche 3; if stale, recalculate tax withholding using current broker FMV of $212.45 and adjust payroll record."
EXC0330,MISSING_PAYROLL,PAYROLL,E00387,G001252,2,High,"Active employee with 19 vested shares missing entirely from payroll, preventing tax withholding and creating payroll compliance risk.","Add G001252 tranche 2 to payroll with taxable income of 19 × $131.88 = $2,505.72 and calculate appropriate tax withholding immediately."
EXC0331,DUPLICATE_RELEASE,BROKER,E00387,G001253,7,High,"Broker shows duplicate release of 20 shares (G001253 tranche 7) with payroll already processing tax withholding, risking double-counting of income.","Investigate Broker feed for duplicate release of G001253 tranche 7; if confirmed, cancel one release and reconcile payroll to ensure only one tax entry of $848.68."
EXC0332,ID_FORMAT_MISMATCH,PAYROLL,00388,G001257,5,Low,"Grant ID format in payroll feed does not match broker/HRIS standard format, causing matching failure despite data being otherwise valid.","Reformat G001257 grant ID in payroll system to match broker standard; once aligned, validate that 13 shares × $87.837 FMV taxable income of $1,141.88 is correct."
EXC0333,ID_FORMAT_MISMATCH,PAYROLL,00393,G001268,9,Low,"Grant ID format in payroll feed does not match broker/HRIS standard format, preventing data reconciliation.","Standardize grant ID format for G001268 in payroll; once corrected, verify 53 shares × $43.90 FMV yields taxable income of $2,326.70."
EXC0334,MISSING_PAYROLL,PAYROLL,E00395,G001276,3,High,"Active employee with 48 vested shares missing from payroll feed, creating tax withholding and compliance exposure.","Add G001276 tranche 3 to payroll with calculated taxable income of 48 × $212.17 = $10,184.16 and apply appropriate tax withholding."
EXC0335,ID_FORMAT_MISMATCH,PAYROLL,00396,G001278,13,Low,"Grant ID format in payroll feed does not match broker/HRIS standard format, blocking system reconciliation.","Align grant ID format for G001278 in payroll to broker standard; then confirm 11 shares × $180.25 FMV taxable income of $1,982.75 is accurate."
EXC0336,DUPLICATE_RELEASE,BROKER,E00398,G001284,1,High,"Broker shows duplicate release of 358 shares with large tax withholding of $20,039.77 already in payroll, risking material income overstatement.","Investigate Broker feed for duplicate release of G001284 tranche 1; if confirmed, cancel duplicate and verify single payroll tax entry of $20,039.77 is retained."
EXC0337,DUPLICATE_RELEASE,BROKER,E00403,G001301,8,High,"Broker reports duplicate release of 31 shares with payroll tax already recorded, creating duplicate income and withholding risk.","Verify G001301 tranche 8 release with Broker; if duplicate confirmed, cancel one and retain single payroll tax entry of $1,093.00."
EXC0338,DUPLICATE_RELEASE,BROKER,E00404,G001305,5,High,"Broker shows duplicate release of 79 shares with payroll tax of $3,261.39 recorded, risking material double-counting of taxable income.","Confirm duplicate release of G001305 tranche 5 with Broker; if verified, cancel one release and ensure only one payroll tax withholding entry of $3,261.39 exists."
EXC0339,STALE_FMV_PAYROLL,PAYROLL,E00407,G001318,7,Medium,Payroll is using stale FMV for G001318 tranche 7; broker shows current FMV of $24.228 but payroll calculation appears to use outdated price.,Update payroll FMV for G001318 tranche 7 to broker current rate of $24.228 for 90 shares; recalculate tax withholding and adjust if needed.
EXC0340,DUPLICATE_RELEASE,BROKER,E00407,G001319,15,High,"Broker reports duplicate release of 43 shares with payroll tax of $3,592.33 already recorded, risking double-counted income.","Verify duplicate release of G001319 tranche 15 with Broker; if confirmed, cancel one and retain single payroll tax entry of $3,592.33."
EXC0341,WITHHOLDING_ROUNDING,BROKER,E00408,G001326,15,Low,"Withholding amount shows minor rounding variance; calculated tax on $7,638.12 taxable income differs slightly from $3,589.92 recorded.","Review tax calculation for G001326 tranche 15 to confirm rounding variance is within acceptable tolerance; if variance exceeds $0.50, adjust payroll withholding."
EXC0342,STALE_COUNTRY,PAYROLL,E00408,G001328,7,Medium,"Payroll country/tax jurisdiction code is stale for G001328, potentially applying incorrect tax rates or withholding rules.","Verify employee's current country assignment for G001328 tranche 7 in HRIS; update payroll if employee relocated, and recalculate withholding on $9,123.31 with correct jurisdiction rules."
EXC0343,MISSING_PAYROLL,PAYROLL,E00411,G001336,2,High,"Active employee with 80 vested shares missing from payroll, preventing tax calculation and creating compliance risk.","Add G001336 tranche 2 to payroll with calculated taxable income of 80 × $141.97 = $11,357.60 and apply appropriate tax withholding."
EXC0344,STALE_FMV_PAYROLL,PAYROLL,E00415,G001349,5,Medium,Payroll is using stale FMV for G001349 tranche 5; broker shows current FMV of $176.29 but payroll taxable income suggests outdated pricing.,"Reconcile payroll FMV for G001349 tranche 5 with broker current rate of $176.29 for 99 shares; if stale, recalculate tax withholding and adjust payroll."
EXC0345,STALE_FMV_PAYROLL,PAYROLL,E00416,G001352,3,Medium,Payroll is using stale FMV for G001352 tranche 3; broker shows current FMV of $12.929 but payroll calculation appears outdated.,Update payroll FMV to broker current rate of $12.929 for G001352 tranche 3 (15 shares); recalculate tax withholding on updated taxable income and adjust if needed.
EXC0346,MISSING_PAYROLL,PAYROLL,E00416,G001354,10,High,"Active employee with 15 vested shares in tranche 10 missing from payroll, creating tax withholding gap.","Add G001354 tranche 10 to payroll with taxable income of 15 × $212.45 = $3,186.75 and calculate appropriate tax withholding."
EXC0347,MISSING_PAYROLL,PAYROLL,E00416,G001354,11,High,"Active employee with 15 vested shares in tranche 11 missing from payroll, creating tax withholding gap.","Add G001354 tranche 11 to payroll with taxable income of 15 × $212.17 = $3,182.55 and calculate appropriate tax withholding."
EXC0348,WITHHOLDING_ROUNDING,BROKER,E00426,G001379,4,Low,"Terminated employee withholding shows minor rounding variance; calculated tax on $10,242.60 differs slightly from $4,814.02 recorded.","Review tax calculation for terminated employee G001379 tranche 4 to confirm rounding is within tolerance; if variance exceeds $0.50, adjust final payroll entry."
EXC0349,POST_TERM_RELEASE,BROKER,E00426,G001380,2,High,"Broker released shares post-termination (25 vested shares at $141.97) with payroll tax recorded, but post-term payout timing may violate policy.","Confirm with Broker and HR that post-termination release of G001380 tranche 2 complies with termination agreement and that tax withholding of $1,668.15 is correct."
EXC0350,STALE_FMV_PAYROLL,PAYROLL,E00427,G001383,6,Medium,Payroll is using stale FMV for G001383 tranche 6; broker shows current FMV of $141.97 but payroll calculation may reflect outdated price.,"Verify payroll FMV for G001383 tranche 6 against broker current rate of $141.97 for 20 shares; if stale, recalculate taxable income and adjust withholding."
EXC0351,STALE_FMV_PAYROLL,PAYROLL,E00430,G001389,1,High,"Payroll is using stale FMV that does not match broker FMV, creating potential tax withholding discrepancy on 155 vested shares.",Obtain the correct FMV from broker for grant G001389 tranche 1 and recalculate payroll tax withholding to match broker valuation.
EXC0352,DUPLICATE_RELEASE,BROKER,E00432,G001397,4,High,"Broker shows duplicate release event for same grant and tranche, risking double taxation or share leakage.",Query broker system to identify and remove the duplicate release record for grant G001397 tranche 4.
EXC0353,ID_FORMAT_MISMATCH,PAYROLL,00436,G001405,1,Medium,"Grant ID format differs between payroll and other systems, preventing proper reconciliation matching.","Standardize grant ID format for G001405 across payroll, HRIS, and broker systems."
EXC0354,MISSING_PAYROLL,PAYROLL,E00437,G001408,5,High,"Payroll record is missing for 155 vested shares, preventing proper tax withholding calculation and compliance tracking.",Create payroll record for grant G001408 tranche 5 with broker FMV of 87.837 and process appropriate tax withholding.
EXC0355,MISSING_PAYROLL,PAYROLL,E00438,G001415,1,High,"Payroll record is missing for 93 vested shares, preventing tax withholding and income reporting.",Create payroll record for grant G001415 tranche 1 with broker FMV of 121.67 and process appropriate tax withholding.
EXC0356,MISSING_PAYROLL,PAYROLL,E00441,G001424,8,High,"Payroll record is missing for 13 vested shares in a later tranche, creating compliance gap.",Create payroll record for grant G001424 tranche 8 with broker FMV of 176.29 and process appropriate tax withholding.
EXC0357,DUPLICATE_RELEASE,BROKER,E00441,G001425,5,High,"Broker shows duplicate release event for same grant and tranche, risking double taxation or share leakage.",Query broker system to identify and remove the duplicate release record for grant G001425 tranche 5.
EXC0358,STALE_FMV_PAYROLL,PAYROLL,E00443,G001430,5,High,"Payroll is using stale FMV that does not match broker FMV, creating potential tax withholding discrepancy on 176 vested shares.",Obtain the correct FMV from broker for grant G001430 tranche 5 and recalculate payroll tax withholding to match broker valuation.
EXC0359,WITHHOLDING_ROUNDING,BROKER,E00444,G001434,5,Low,Minor rounding difference in tax withholding calculation between broker and payroll systems.,"Verify rounding methodology is consistent; if difference is under $5, no action required."
EXC0360,STALE_FMV_PAYROLL,PAYROLL,E00447,G001443,12,High,"Payroll is using stale FMV that does not match broker FMV, creating potential tax withholding discrepancy on 49 vested shares.",Obtain the correct FMV from broker for grant G001443 tranche 12 and recalculate payroll tax withholding to match broker valuation.
EXC0361,DUPLICATE_RELEASE,BROKER,E00448,G001450,1,High,"Broker shows duplicate release event for same grant and tranche, risking double taxation or share leakage.",Query broker system to identify and remove the duplicate release record for grant G001450 tranche 1.
EXC0362,MISSING_PAYROLL,PAYROLL,E00449,G001455,5,High,"Payroll record is missing for 21 vested shares, preventing tax withholding and income reporting.",Create payroll record for grant G001455 tranche 5 with broker FMV of 121.67 and process appropriate tax withholding.
EXC0363,POST_TERM_RELEASE,BROKER,E00450,G001459,15,High,"Broker recorded release for terminated employee after separation date, creating forfeiture compliance risk.","Verify employee termination date against release date for grant G001459; if release occurred post-termination, reverse and investigate forfeiture."
EXC0364,ID_FORMAT_MISMATCH,PAYROLL,00454,G001470,2,Medium,"Grant ID format differs between payroll and other systems, preventing proper reconciliation matching.","Standardize grant ID format for G001470 across payroll, HRIS, and broker systems."
EXC0365,POST_TERM_RELEASE,BROKER,E00455,G001472,11,High,"Broker recorded release for terminated employee after separation date, creating forfeiture compliance risk.","Verify employee termination date against release date for grant G001472; if release occurred post-termination, reverse and investigate forfeiture."
EXC0366,STALE_FMV_PAYROLL,PAYROLL,E00463,G001495,6,High,"Payroll is using stale FMV that does not match broker FMV, creating potential tax withholding discrepancy on 14 vested shares.",Obtain the correct FMV from broker for grant G001495 tranche 6 and recalculate payroll tax withholding to match broker valuation.
EXC0367,DUPLICATE_RELEASE,BROKER,E00464,G001497,3,High,"Broker shows duplicate release event for same grant and tranche, risking double taxation or share leakage.",Query broker system to identify and remove the duplicate release record for grant G001497 tranche 3.
EXC0368,WITHHOLDING_ROUNDING,BROKER,E00464,G001497,10,Low,Minor rounding difference in tax withholding calculation between broker and payroll systems.,"Verify rounding methodology is consistent; if difference is under $5, no action required."
EXC0369,POST_TERM_RELEASE,BROKER,E00466,G001505,10,High,"Broker recorded release for terminated employee after separation date, creating forfeiture compliance risk.","Verify employee termination date against release date for grant G001505; if release occurred post-termination, reverse and investigate forfeiture."
EXC0370,DUPLICATE_RELEASE,BROKER,E00467,G001511,1,High,"Broker shows duplicate release event for same grant and tranche, risking double taxation or share leakage.",Query broker system to identify and remove the duplicate release record for grant G001511 tranche 1.
EXC0371,POST_TERM_RELEASE,BROKER,E00469,G001515,14,High,"Broker recorded release for terminated employee after separation date, creating forfeiture compliance risk.","Verify employee termination date against release date for grant G001515; if release occurred post-termination, reverse and investigate forfeiture."
EXC0372,POST_TERM_RELEASE,BROKER,E00469,G001518,1,High,"Broker recorded release for terminated employee after separation date, creating forfeiture compliance risk.","Verify employee termination date against release date for grant G001518; if release occurred post-termination, reverse and investigate forfeiture."
EXC0373,POST_TERM_RELEASE,BROKER,E00470,G001520,2,High,"Broker recorded release for terminated employee after separation date, creating forfeiture compliance risk.","Verify employee termination date against release date for grant G001520; if release occurred post-termination, reverse and investigate forfeiture."
EXC0374,STALE_COUNTRY,PAYROLL,E00471,G001521,6,Medium,Payroll is using stale country/tax code data that may affect withholding calculation methodology.,Update employee country and tax residency status for grant G001521 tranche 6 and verify withholding rate applicability.
EXC0375,STALE_COUNTRY,PAYROLL,E00471,G001521,7,Medium,Payroll is using stale country/tax code data that may affect withholding calculation methodology.,Update employee country and tax residency status for grant G001521 tranche 7 and verify withholding rate applicability.
EXC0376,STALE_FMV_PAYROLL,PAYROLL,E00471,G001521,8,High,"Payroll is using stale FMV (implied by calculated taxable income mismatch: 42 × 48.89 = 2,053.38 vs. recorded 2,030.7), causing potential tax withholding error.",Recalculate tax withholding using current broker FMV of 48.89 and verify payroll adjustment with HR.
EXC0377,STALE_COUNTRY,PAYROLL,E00471,G001521,12,High,"Employee country record is stale in payroll, which may result in incorrect tax withholding rate applied to the vesting event.",Update employee country in payroll system and recalculate tax withholding for this tranche.
EXC0378,MISSING_PAYROLL,PAYROLL,E00471,G001521,14,High,"Vesting event is recorded in broker (42 shares at 141.97 FMV) but missing payroll tax record, creating potential tax compliance gap.","Create missing payroll tax entry for 42 shares × $141.97 = $5,962.74 taxable income and withhold applicable taxes."
EXC0379,STALE_COUNTRY,PAYROLL,E00471,G001522,1,High,"Employee country is stale in payroll, potentially causing incorrect tax rate application on this vesting event.",Update employee country in payroll and recalculate tax withholding.
EXC0380,STALE_COUNTRY,PAYROLL,E00471,G001522,4,High,Stale country record in payroll may cause wrong tax withholding jurisdiction for this tranche.,"Verify and update employee country in payroll, then recalculate withholding."
EXC0381,STALE_COUNTRY,PAYROLL,E00471,G001523,11,High,Stale country data in payroll could lead to incorrect tax rate on this high-value vesting (21 shares × $212.17).,Update employee country in payroll and recalculate tax withholding.
EXC0382,STALE_COUNTRY,PAYROLL,E00471,G001524,1,High,Stale country record in payroll may cause incorrect tax withholding calculation.,Update employee country in payroll and recompute taxes.
EXC0383,STALE_COUNTRY,PAYROLL,E00471,G001524,2,High,Stale country in payroll creates tax withholding accuracy risk.,Update employee country and recalculate tax withholding.
EXC0384,STALE_COUNTRY,PAYROLL,E00471,G001524,5,High,Stale country data in payroll may result in wrong tax rate applied.,Correct employee country in payroll and recalculate withholding.
EXC0385,STALE_COUNTRY,PAYROLL,E00471,G001524,6,High,Stale country record affects tax withholding accuracy.,Update employee country in payroll and recompute taxes.
EXC0386,STALE_COUNTRY,PAYROLL,E00471,G001524,7,High,Stale country in payroll creates potential tax miscalculation.,Update employee country and recalculate tax withholding.
EXC0387,STALE_COUNTRY,PAYROLL,E00472,G001527,6,High,Stale country record in payroll may cause incorrect tax withholding on this vesting event.,Update employee country in payroll and recalculate taxes.
EXC0388,STALE_COUNTRY,PAYROLL,E00472,G001528,1,High,Stale country in payroll creates risk of wrong tax rate application.,"Verify and update employee country, then recalculate tax withholding."
EXC0389,STALE_FMV_PAYROLL,PAYROLL,E00473,G001531,6,High,"Payroll FMV is stale (implied mismatch: 162 × 141.97 ≠ 23,490), causing tax withholding error on large grant.",Recalculate tax withholding using current broker FMV and adjust payroll accordingly.
EXC0390,MISSING_PAYROLL,PAYROLL,E00473,G001531,8,High,Vesting event appears in broker (162 shares at $176.29) but is missing from payroll tax records.,Create missing payroll tax entry for 162 shares × $176.29 and process tax withholding.
EXC0391,MISSING_PAYROLL,PAYROLL,E00474,G001534,14,High,"Vesting event is recorded in broker but missing from payroll, creating tax compliance exposure.","Add missing payroll tax record for 26 shares × $134.25 = $3,490.50 and withhold applicable taxes."
EXC0392,ID_FORMAT_MISMATCH,PAYROLL,00476,G001542,4,Medium,"Grant ID format does not match expected format between broker and payroll systems, preventing reliable matching.",Standardize grant ID format across systems or add manual mapping entry to link records.
EXC0393,ID_FORMAT_MISMATCH,PAYROLL,00476,G001542,16,Medium,Grant ID format inconsistency between payroll and broker prevents automatic reconciliation.,Align grant ID format or create cross-reference mapping.
EXC0394,MISSING_PAYROLL,PAYROLL,E00476,G001545,2,High,"Vesting event is recorded in broker but missing from payroll, creating tax compliance gap.","Create missing payroll tax entry for 16 shares × $141.97 = $2,271.52 and process withholding."
EXC0395,ID_FORMAT_MISMATCH,PAYROLL,00477,G001547,1,Medium,Grant ID format mismatch prevents matching between payroll and broker on this large vesting event (383 shares).,Standardize grant ID format and verify that tax withholding was applied despite the format issue.
EXC0396,ID_FORMAT_MISMATCH,PAYROLL,00479,G001552,2,Medium,Grant ID format inconsistency blocks reliable record linkage between systems.,Correct grant ID format to enable proper matching and reconciliation.
EXC0397,MISSING_PAYROLL,PAYROLL,E00480,G001555,10,High,"Vesting event is recorded in broker but missing from payroll, creating potential tax non-compliance.","Create missing payroll tax entry for 13 shares × $141.97 = $1,845.61 and process tax withholding."
EXC0398,STALE_FMV_PAYROLL,PAYROLL,E00481,G001560,3,High,"Payroll is using stale FMV (calculated taxable income 196.92 does not align with 15 × 12.929), causing tax withholding error.",Recalculate tax withholding using current FMV of $12.929 and adjust payroll.
EXC0399,DUPLICATE_RELEASE,BROKER,E00487,G001577,11,High,"Broker shows duplicate release record for the same tranche, indicating either duplicate vesting or data corruption.",Investigate broker records to identify and remove the duplicate release entry.
EXC0400,MISSING_PAYROLL,PAYROLL,E00493,G001590,5,High,Vesting event is recorded in broker (21 shares at $43.90) but missing from payroll tax records.,Create missing payroll tax entry for 21 shares × $43.90 = $922.90 and process tax withholding.
EXC0401,DUPLICATE_RELEASE,BROKER,E00493,G001591,7,High,"Duplicate release event from broker for grant G001591 tranche 7 created duplicate tax withholding of $615.75, risking overpayment or compliance audit exposure.","Immediately contact broker to identify and void the duplicate release, then reconcile payroll tax withholding and request corrective payroll adjustment if overage occurred."
EXC0402,DUPLICATE_RELEASE,BROKER,E00493,G001592,3,High,"Duplicate release event from broker for grant G001592 tranche 3 created duplicate tax withholding of $503.79, creating payroll compliance and tax accuracy risk.","Contact broker to confirm and cancel the duplicate release, then verify payroll tax withholding is corrected and issue W-2 amendment if necessary."
EXC0403,DUPLICATE_RELEASE,BROKER,E00493,G001593,3,High,"Duplicate release event from broker for grant G001593 tranche 3 resulted in duplicate tax withholding of $501.25, risking incorrect employee tax treatment.","Validate with broker that duplicate release is removed from their system, reconcile payroll withholding amount, and correct employee tax records if overage confirmed."
EXC0404,ID_FORMAT_MISMATCH,PAYROLL,00496,G001598,2,Medium,"Grant ID G001598 tranche 2 shows format mismatch between payroll and broker systems, likely due to inconsistent ID formatting or mapping convention.",Compare grant ID format standards between payroll and broker feeds and apply consistent ID transformation rules to resolve the mismatch.
EXC0405,ID_FORMAT_MISMATCH,PAYROLL,00496,G001598,13,High,"Same grant ID G001598 appears in two different tranches (2 and 13) with significantly different vesting and tax amounts, indicating either data corruption or a critical ID mapping error affecting substantial tax withholding ($9,929.56).",Immediately investigate whether G001598 is a duplicate ID or if payroll and broker are tracking different tranches; correct ID assignments and verify tax withholding accuracy for both records.
EXC0406,DUPLICATE_RELEASE,BROKER,E00497,G001602,2,High,"Duplicate release event from broker for grant G001602 tranche 2 created duplicate tax withholding of $10,998.97, representing material payroll compliance risk.","Contact broker immediately to confirm and reverse the duplicate release, then verify payroll withholding correction and reconcile employee tax records."
